Activity,Tag1,Tag2,Tag3,Tag4,Tag5,Tag6,Tag7,Tag8,Tag9
Hiking,Outdoor,Adventure,Nature,Exercise,Exploration,Fitness,Scenic,Wildlife,Trail
Movie Night,Indoor,Relaxing,Entertainment,Popcorn,Friends,Casual,Chill,Cinema,Snacks
Gaming,Indoor,Competitive,Fun,Strategy,Multiplayer,Esports,Tech,Challenge,Immersive
Cooking Class,Indoor,Creative,Food,Learning,Hands-on,Culinary,Skills,Social,Tasty
Beach Volleyball,Outdoor,Sport,Team,Fun,Sun,Exercise,Competitive,Sand,Active
Concert,Outdoor,Music,Live,Social,Entertainment,Crowd,Vibes,Dance,Energy
Escape Room,Indoor,Adventure,Problem-solving,Team,Challenge,Interactive,Mystery,Fun,Thrilling
Bowling,Indoor,Sport,Fun,Group,Casual,Competition,Leisure,Skill-based,Social
Camping,Outdoor,Nature,Adventure,Overnight,Fire,Scenic,Wildlife,Tent,Survival
Paintball,Outdoor,Competitive,Team,Sport,Adventure,Strategy,Adrenaline,Fun,Action
Board Game Night,Indoor,Strategy,Fun,Group,Competition,Social,Thinking,Relaxing,Games
Kayaking,Outdoor,Water,Adventure,Exercise,Nature,Paddling,Scenic,Fitness,Exploration
Karaoke Night,Indoor,Music,Fun,Social,Entertainment,Singing,Performance,Casual,Friends
Soccer Match,Outdoor,Sport,Team,Competitive,Exercise,Fun,Field,Active,Energy
Yoga Class,Indoor,Relaxing,Exercise,Fitness,Meditation,Calm,Health,Stretching,Social
Trivia Night,Indoor,Fun,Challenge,Thinking,Team,Social,Knowledge,Entertainment,Competition
Rock Climbing,Outdoor,Adventure,Exercise,Fitness,Challenge,Nature,Strength,Thrilling,Scenic
Art Workshop,Indoor,Creative,Learning,Artistic,Hands-on,Social,Relaxing,Skills,Expression
Fishing Trip,Outdoor,Nature,Relaxing,Water,Patience,Scenic,Outdoor,Quiet,Adventure
Dance Party,Indoor,Music,Fun,Social,Dance,Energy,Entertainment,Friends,Celebration
Laser Tag,Indoor,Competitive,Team,Fun,Adventure,Strategy,Action,Thrilling,Tech
Picnic,Outdoor,Relaxing,Nature,Food,Social,Friends,Scenic,Casual,Leisure
Basketball Game,Outdoor,Sport,Team,Competitive,Exercise,Fun,Active,Court,Energy
Pottery Class,Indoor,Creative,Hands-on,Artistic,Learning,Relaxing,Skills,Social,Clay
Scavenger Hunt,Outdoor,Adventure,Team,Fun,Exploration,Challenge,Interactive,Social,Thrilling
Comedy Show,Indoor,Entertainment,Fun,Laughter,Social,Relaxing,Live,Humor,Casual
Cycling Tour,Outdoor,Exercise,Adventure,Fitness,Nature,Scenic,Exploration,Active,Trail
DIY Craft Night,Indoor,Creative,Hands-on,Fun,Learning,Social,Relaxing,Skills,Projects
Swimming,Outdoor,Water,Exercise,Fun,Active,Fitness,Relaxing,Social,Summer
Improv Class,Indoor,Creative,Fun,Learning,Social,Performance,Challenge,Laughter,Interactive
Skiing,Outdoor,Adventure,Snow,Exercise,Fitness,Thrilling,Scenic,Active,Winter
Puzzle Night,Indoor,Thinking,Challenge,Fun,Group,Relaxing,Strategy,Social,Puzzles
Tennis Match,Outdoor,Sport,Competitive,Exercise,Fun,Active,Skill-based,Court,Energy
Photography Walk,Outdoor,Creative,Nature,Exploration,Scenic,Artistic,Relaxing,Learning,Social
Wine Tasting,Indoor,Relaxing,Food,Social,Tasty,Entertainment,Learning,Casual,Drinks
Mini Golf,Indoor,Fun,Sport,Casual,Group,Competition,Leisure,Skill-based,Social
Archery,Outdoor,Skill-based,Challenge,Fun,Exercise,Focus,Adventure,Competitive,Target
Storytelling Night,Indoor,Creative,Social,Fun,Entertainment,Relaxing,Imagination,Group,Sharing
Surfing,Outdoor,Water,Adventure,Exercise,Fun,Thrilling,Active,Ocean,Sport
Baking Party,Indoor,Creative,Food,Hands-on,Social,Tasty,Fun,Learning,Sweets
Horseback Riding,Outdoor,Adventure,Nature,Exercise,Scenic,Active,Exploration,Animals,Trail
Magic Show,Indoor,Entertainment,Fun,Mystery,Social,Interactive,Performance,Wonder,Casual
Badminton,Outdoor,Sport,Fun,Competitive,Exercise,Active,Group,Skill-based,Energy
Gardening,Outdoor,Nature,Relaxing,Creative,Hands-on,Scenic,Exercise,Learning,Growth
Card Game Night,Indoor,Strategy,Fun,Group,Competition,Social,Relaxing,Games,Casual
Sailing,Outdoor,Water,Adventure,Nature,Relaxing,Scenic,Exploration,Team,Active
Stand-up Paddleboarding,Outdoor,Water,Exercise,Fun,Nature,Balance,Scenic,Active,Adventure
Poetry Reading,Indoor,Creative,Relaxing,Social,Entertainment,Expression,Artistic,Calm,Sharing
Roller Skating,Indoor,Fun,Exercise,Active,Social,Casual,Skill-based,Energy,Leisure
Marathon Running,Outdoor,Exercise,Fitness,Challenge,Competitive,Endurance,Active,Event,Adventure
Ice Skating,Indoor,Fun,Exercise,Active,Winter,Skill-based,Social,Thrilling,Leisure
Book Club,Indoor,Relaxing,Learning,Social,Thinking,Discussion,Literature,Casual,Friends
Ziplining,Outdoor,Adventure,Thrilling,Exercise,Nature,Scenic,Fun,Active,Exploration
Kite Flying,Outdoor,Fun,Nature,Relaxing,Active,Wind,Scenic,Casual,Leisure
Table Tennis,Indoor,Sport,Competitive,Fun,Exercise,Skill-based,Active,Social,Quick
Sculpture Workshop,Indoor,Creative,Hands-on,Artistic,Learning,Social,Relaxing,Skills,Expression
Bird Watching,Outdoor,Nature,Relaxing,Exploration,Scenic,Wildlife,Quiet,Learning,Adventure
Theater Play,Indoor,Entertainment,Creative,Social,Performance,Live,Artistic,Fun,Drama
Obstacle Course,Outdoor,Adventure,Team,Exercise,Challenge,Fun,Competitive,Active,Thrilling
Chess Tournament,Indoor,Strategy,Competitive,Thinking,Challenge,Social,Fun,Quiet,Skill-based
Barbecue Party,Outdoor,Food,Social,Relaxing,Fun,Tasty,Casual,Friends,Grilling
Snorkeling,Outdoor,Water,Adventure,Nature,Exploration,Scenic,Active,Fun,Wildlife
Salsa Dancing,Indoor,Music,Fun,Social,Dance,Exercise,Energy,Learning,Performance
Go-Kart Racing,Outdoor,Competitive,Fun,Thrilling,Exercise,Active,Speed,Challenge,Sport
Knitting Circle,Indoor,Creative,Relaxing,Hands-on,Social,Skills,Casual,Learning,Craft
Stargazing,Outdoor,Nature,Relaxing,Scenic,Exploration,Quiet,Learning,Adventure,Night
Bingo Night,Indoor,Fun,Social,Casual,Entertainment,Group,Luck,Relaxing,Leisure
Mud Run,Outdoor,Adventure,Exercise,Team,Fun,Competitive,Active,Challenge,Thrilling
Science Experiment Night,Indoor,Learning,Fun,Hands-on,Creative,Social,Challenge,Discovery,Interactive
Dodgeball,Outdoor,Sport,Team,Competitive,Fun,Exercise,Active,Energy,Group
Flower Arranging,Indoor,Creative,Relaxing,Hands-on,Artistic,Social,Skills,Beauty,Calm
Ghost Tour,Outdoor,Adventure,Mystery,Fun,Exploration,Social,Thrilling,Night,Stories
Ping Pong Tournament,Indoor,Sport,Competitive,Fun,Exercise,Skill-based,Active,Social,Quick
Origami Workshop,Indoor,Creative,Hands-on,Learning,Relaxing,Social,Skills,Artistic,Focus
Canoeing,Outdoor,Water,Adventure,Exercise,Nature,Scenic,Team,Active,Exploration
Puppet Show,Indoor,Creative,Fun,Entertainment,Social,Performance,Interactive,Imagination,Casual
Rugby Match,Outdoor,Sport,Team,Competitive,Exercise,Active,Energy,Challenge,Physical
Tea Tasting,Indoor,Relaxing,Food,Social,Tasty,Learning,Casual,Calm,Drinks
Cornhole Tournament,Outdoor,Fun,Competitive,Social,Casual,Skill-based,Leisure,Group,Active
Sandcastle Building,Outdoor,Creative,Fun,Team,Sand,Relaxing,Active,Beach,Social
Geocaching,Outdoor,Adventure,Exploration,Nature,Team,Fun,Challenge,Tech,Scenic
Improv Comedy Night,Indoor,Fun,Laughter,Social,Creative,Performance,Interactive,Entertainment,Challenge
Climbing Wall,Indoor,Adventure,Exercise,Fitness,Challenge,Thrilling,Active,Strength,Social
Fencing,Indoor,Sport,Competitive,Skill-based,Exercise,Challenge,Active,Strategy,Fun
Hot Air Balloon Ride,Outdoor,Adventure,Scenic,Relaxing,Exploration,Thrilling,Nature,Fun,Unique
Charades Night,Indoor,Fun,Social,Interactive,Group,Entertainment,Casual,Laughter,Games
Disc Golf,Outdoor,Sport,Fun,Exercise,Active,Scenic,Skill-based,Casual,Social
Potluck Dinner,Indoor,Food,Social,Tasty,Relaxing,Friends,Casual,Sharing,Community
Treasure Hunt,Outdoor,Adventure,Team,Fun,Exploration,Challenge,Interactive,Social,Thrilling
Juggling Workshop,Indoor,Skill-based,Fun,Learning,Hands-on,Active,Social,Challenge,Entertainment
Snowboarding,Outdoor,Adventure,Snow,Exercise,Thrilling,Fitness,Active,Winter,Scenic
Calligraphy Class,Indoor,Creative,Relaxing,Hands-on,Learning,Artistic,Skills,Social,Focus
Karaoke Competition,Indoor,Music,Fun,Social,Entertainment,Singing,Performance,Competitive,Friends
Frisbee Game,Outdoor,Fun,Exercise,Active,Social,Casual,Team,Outdoor,Energy
Virtual Reality Experience,Indoor,Tech,Fun,Immersive,Entertainment,Adventure,Interactive,Challenge,Social
Skydiving,Outdoor,Adventure,Thrilling,Exercise,Adrenaline,Flying,Scenic,Extreme,Challenge
Sushi Making,Indoor,Creative,Food,Learning,Hands-on,Culinary,Social,Tasty,Skills
Drone Racing,Outdoor,Tech,Competitive,Fun,Speed,Challenge,Active,Strategy,Gadgets
Meditation Retreat,Indoor,Relaxing,Calm,Health,Meditation,Peace,Quiet,Wellness,Focus
Rafting,Outdoor,Water,Adventure,Team,Exercise,Thrilling,Nature,Active,River
Puppet Making,Indoor,Creative,Hands-on,Fun,Learning,Artistic,Social,Imagination,Craft
Dog Sledding,Outdoor,Adventure,Snow,Exercise,Animals,Thrilling,Scenic,Winter,Team
Mixology Class,Indoor,Creative,Drinks,Learning,Social,Tasty,Fun,Skills,Cocktails
BMX Biking,Outdoor,Sport,Exercise,Competitive,Thrilling,Active,Stunts,Challenge,Bikes
Silent Disco,Indoor,Music,Fun,Social,Dance,Energy,Entertainment,Tech,Headphones
Falconry,Outdoor,Nature,Adventure,Learning,Animals,Skill-based,Scenic,Unique,Focus
Tie-Dye Workshop,Indoor,Creative,Hands-on,Fun,Artistic,Social,Relaxing,Colorful,Craft
Paragliding,Outdoor,Adventure,Flying,Exercise,Scenic,Thrilling,Nature,Active,Extreme
Candle Making,Indoor,Creative,Hands-on,Relaxing,Learning,Social,Skills,Artistic,Scent
Trampoline Park,Indoor,Fun,Exercise,Active,Thrilling,Social,Jumping,Challenge,Leisure
Herbal Tea Blending,Indoor,Creative,Relaxing,Food,Learning,Tasty,Social,Health,Calm
Kite Surfing,Outdoor,Water,Adventure,Exercise,Thrilling,Active,Wind,Sport,Nature
Leather Crafting,Indoor,Creative,Hands-on,Learning,Skills,Artistic,Social,Relaxing,Craft
Bungee Jumping,Outdoor,Adventure,Thrilling,Exercise,Adrenaline,Scenic,Extreme,Fun,Challenge
Beekeeping,Outdoor,Nature,Learning,Hands-on,Relaxing,Animals,Exploration,Productive,Honey
Slacklining,Outdoor,Exercise,Skill-based,Fun,Balance,Challenge,Active,Nature,Focus
Glass Blowing,Indoor,Creative,Hands-on,Artistic,Learning,Skills,Thrilling,Social,Craft
Base Jumping,Outdoor,Adventure,Thrilling,Exercise,Adrenaline,Flying,Scenic,Extreme,Challenge
Soap Making,Indoor,Creative,Hands-on,Relaxing,Learning,Social,Skills,Tasty,Craft
Windsurfing,Outdoor,Water,Adventure,Exercise,Active,Wind,Sport,Nature,Thrilling
Metalworking,Indoor,Creative,Hands-on,Learning,Skills,Artistic,Challenge,Social,Craft
Ice Fishing,Outdoor,Nature,Relaxing,Water,Patience,Winter,Scenic,Quiet,Challenge
Origami Crane Folding,Indoor,Creative,Relaxing,Hands-on,Learning,Artistic,Focus,Social,Skills
Sandboarding,Outdoor,Adventure,Sand,Exercise,Thrilling,Active,Scenic,Fun,Sport
Perfume Making,Indoor,Creative,Hands-on,Learning,Social,Scent,Relaxing,Skills,Artistic
Hot Yoga,Indoor,Exercise,Fitness,Relaxing,Health,Stretching,Calm,Challenge,Social
Wood Carving,Indoor,Creative,Hands-on,Learning,Skills,Artistic,Relaxing,Social,Craft
Cliff Diving,Outdoor,Adventure,Water,Thrilling,Exercise,Active,Scenic,Extreme,Fun
Cheese Tasting,Indoor,Food,Social,Tasty,Learning,Relaxing,Entertainment,Casual,Delight
Parkour,Outdoor,Exercise,Adventure,Active,Challenge,Thrilling,Urban,Skill-based,Fun
Basket Weaving,Indoor,Creative,Hands-on,Relaxing,Learning,Skills,Artistic,Social,Craft
Snowmobiling,Outdoor,Adventure,Snow,Exercise,Thrilling,Active,Scenic,Winter,Speed
Sourdough Baking,Indoor,Creative,Food,Hands-on,Learning,Tasty,Social,Skills,Culinary
Cave Exploring,Outdoor,Adventure,Nature,Exploration,Thrilling,Scenic,Challenge,Active,Dark
Vinyl Record Night,Indoor,Music,Relaxing,Entertainment,Social,Retro,Fun,Casual,Vibes
Wakeboarding,Outdoor,Water,Adventure,Exercise,Thrilling,Active,Sport,Fun,Summer
Jewelry Making,Indoor,Creative,Hands-on,Learning,Skills,Artistic,Social,Relaxing,Craft
Motocross,Outdoor,Sport,Competitive,Exercise,Thrilling,Active,Speed,Challenge,Adventure
Sound Bath,Indoor,Relaxing,Calm,Health,Meditation,Wellness,Quiet,Social,Healing
Sand Volleyball,Outdoor,Sport,Team,Fun,Exercise,Active,Competitive,Sand,Social
Macrame Workshop,Indoor,Creative,Hands-on,Relaxing,Learning,Skills,Artistic,Social,Craft
Hang Gliding,Outdoor,Adventure,Flying,Exercise,Scenic,Thrilling,Nature,Active,Extreme
Sake Tasting,Indoor,Food,Social,Tasty,Learning,Relaxing,Entertainment,Casual,Drinks
Skateboarding,Outdoor,Sport,Exercise,Fun,Active,Skill-based,Urban,Challenge,Thrilling
Aromatherapy Class,Indoor,Relaxing,Learning,Health,Social,Scent,Calm,Creative,Wellness
Hydrofoiling,Outdoor,Water,Adventure,Exercise,Thrilling,Active,Sport,Tech,Nature
Tattoo Workshop,Indoor,Creative,Hands-on,Learning,Artistic,Skills,Social,Expression,Fun
Luge,Outdoor,Sport,Thrilling,Exercise,Active,Speed,Winter,Challenge,Adventure
Fermentation Class,Indoor,Creative,Food,Learning,Hands-on,Tasty,Social,Skills,Culinary
Kendo,Indoor,Sport,Competitive,Exercise,Skill-based,Challenge,Active,Strategy,Culture
Henna Art,Indoor,Creative,Hands-on,Learning,Artistic,Social,Relaxing,Skills,Expression
Ice Climbing,Outdoor,Adventure,Snow,Exercise,Fitness,Thrilling,Scenic,Challenge,Winter
Spice Blending,Indoor,Creative,Food,Learning,Hands-on,Tasty,Social,Skills,Culinary
Rowing,Outdoor,Water,Exercise,Team,Active,Fitness,Nature,Challenge,Sport
Embroidery Circle,Indoor,Creative,Hands-on,Relaxing,Learning,Skills,Artistic,Social,Craft
Bobsledding,Outdoor,Sport,Thrilling,Exercise,Team,Speed,Winter,Active,Challenge
Pickling Workshop,Indoor,Creative,Food,Learning,Hands-on,Tasty,Social,Skills,Culinary
Unicycling,Outdoor,Exercise,Skill-based,Fun,Active,Challenge,Balancing,Thrilling,Unique
Dreamcatcher Making,Indoor,Creative,Hands-on,Relaxing,Learning,Artistic,Social,Skills,Craft
Snowshoeing,Outdoor,Adventure,Snow,Exercise,Nature,Scenic,Fitness,Active,Winter
Bread Tasting,Indoor,Food,Social,Tasty,Learning,Relaxing,Entertainment,Casual,Delight
Monocycle Racing,Outdoor,Sport,Competitive,Exercise,Fun,Skill-based,Active,Challenge,Unique
Clay Pigeon Shooting,Outdoor,Skill-based,Challenge,Fun,Exercise,Focus,Competitive,Active,Target
Speed Skating,Indoor,Sport,Competitive,Exercise,Active,Speed,Winter,Challenge,Thrilling
Beadwork Class,Indoor,Creative,Hands-on,Learning,Skills,Artistic,Social,Relaxing,Craft
Backpacking,Outdoor,Adventure,Nature,Exercise,Exploration,Fitness,Scenic,Wildlife,Trail
Chocolate Tasting,Indoor,Food,Social,Tasty,Learning,Relaxing,Entertainment,Casual,Delight
Inline Skating,Outdoor,Exercise,Fun,Active,Social,Skill-based,Energy,Leisure,Urban
Silkscreen Printing,Indoor,Creative,Hands-on,Learning,Artistic,Skills,Social,Fun,Expression
Nordic Skiing,Outdoor,Adventure,Snow,Exercise,Fitness,Scenic,Active,Winter,Trail
Sorbet Making,Indoor,Creative,Food,Hands-on,Learning,Tasty,Social,Skills,Culinary
Street Luge,Outdoor,Sport,Thrilling,Exercise,Active,Speed,Challenge,Adventure,Urban
Whittling,Indoor,Creative,Hands-on,Relaxing,Learning,Skills,Artistic,Social,Wood
Orienteering,Outdoor,Adventure,Nature,Exploration,Challenge,Active,Team,Skill-based,Fun
Butter Churning,Indoor,Creative,Food,Hands-on,Learning,Tasty,Social,Skills,Traditional
Longboarding,Outdoor,Sport,Exercise,Fun,Active,Skill-based,Thrilling,Urban,Speed
Papermaking,Indoor,Creative,Hands-on,Learning,Artistic,Skills,Social,Relaxing,Craft
Ice Hockey,Outdoor,Sport,Team,Competitive,Exercise,Active,Winter,Challenge,Energy
Honey Tasting,Indoor,Food,Social,Tasty,Learning,Relaxing,Entertainment,Casual,Delight
Scootering,Outdoor,Exercise,Fun,Active,Social,Skill-based,Energy,Urban,Leisure
Block Printing,Indoor,Creative,Hands-on,Learning,Artistic,Skills,Social,Fun,Expression
Cross-Country Running,Outdoor,Exercise,Fitness,Adventure,Active,Scenic,Challenge,Nature,Trail
Preserve Making,Indoor,Creative,Food,Hands-on,Learning,Tasty,Social,Skills,Culinary
Snowkiting,Outdoor,Adventure,Snow,Exercise,Thrilling,Active,Wind,Sport,Winter
Felt Crafting,Indoor,Creative,Hands-on,Relaxing,Learning,Skills,Artistic,Social,Craft
Biathlon,Outdoor,Sport,Competitive,Exercise,Skill-based,Challenge,Active,Winter,Precision
Syrup Tasting,Indoor,Food,Social,Tasty,Learning,Relaxing,Entertainment,Casual,Delight
Street Hockey,Outdoor,Sport,Team,Competitive,Exercise,Active,Fun,Urban,Energy
Marbling Art,Indoor,Creative,Hands-on,Learning,Artistic,Skills,Social,Relaxing,Expression
Lawn Bowling,Outdoor,Fun,Social,Casual,Skill-based,Exercise,Active,Leisure,Group
Tandem Biking,Outdoor,Exercise,Team,Fun,Active,Fitness,Scenic,Adventure,Cycling
Lip Sync Battle,Indoor,Fun,Social,Entertainment,Performance,Music,Laughter,Challenge,Casual
Sand Sculpting,Outdoor,Creative,Hands-on,Fun,Sand,Artistic,Relaxing,Beach,Social
Reiki Session,Indoor,Relaxing,Health,Calm,Wellness,Healing,Quiet,Social,Focus
Jet Skiing,Outdoor,Water,Adventure,Thrilling,Exercise,Active,Speed,Fun,Summer
Pencil Sketching,Indoor,Creative,Hands-on,Learning,Artistic,Relaxing,Skills,Social,Drawing
Dogsled Racing,Outdoor,Adventure,Snow,Exercise,Animals,Thrilling,Competitive,Winter,Speed
Bartending Class,Indoor,Creative,Drinks,Learning,Social,Tasty,Fun,Skills,Cocktails
Mountain Biking,Outdoor,Sport,Exercise,Adventure,Thrilling,Active,Trail,Challenge,Nature
Glow-in-the-Dark Bowling,Indoor,Fun,Sport,Casual,Group,Competition,Leisure,Skill-based,Social
Falcon Training,Outdoor,Nature,Skill-based,Learning,Animals,Adventure,Focus,Unique,Scenic
Fabric Painting,Indoor,Creative,Hands-on,Fun,Artistic,Social,Relaxing,Skills,Colorful
Helicopter Tour,Outdoor,Adventure,Scenic,Thrilling,Exploration,Flying,Fun,Unique,Experience
Wax Seal Making,Indoor,Creative,Hands-on,Relaxing,Learning,Skills,Artistic,Social,Craft
Bounce House Party,Indoor,Fun,Exercise,Active,Thrilling,Social,Jumping,Group,Leisure
Herb Gardening,Outdoor,Nature,Relaxing,Creative,Hands-on,Scenic,Learning,Growth,Health
Water Skiing,Outdoor,Water,Adventure,Exercise,Thrilling,Active,Sport,Fun,Summer
Wood Burning,Indoor,Creative,Hands-on,Learning,Skills,Artistic,Social,Relaxing,Craft
Rope Course,Outdoor,Adventure,Team,Exercise,Challenge,Thrilling,Active,Fun,Nature
Popcorn Tasting,Indoor,Food,Social,Tasty,Learning,Relaxing,Entertainment,Casual,Snacks
Freerunning,Outdoor,Exercise,Adventure,Active,Challenge,Thrilling,Urban,Skill-based,Fun
Basketry Workshop,Indoor,Creative,Hands-on,Relaxing,Learning,Skills,Artistic,Social,Craft
Snow Tubing,Outdoor,Adventure,Snow,Fun,Thrilling,Active,Scenic,Winter,Leisure
Pretzel Baking,Indoor,Creative,Food,Hands-on,Learning,Tasty,Social,Skills,Culinary
Canyoneering,Outdoor,Adventure,Nature,Exercise,Exploration,Thrilling,Scenic,Challenge,Active
Vinyl DJ Night,Indoor,Music,Fun,Social,Entertainment,Retro,Performance,Casual,Vibes
Kneeboarding,Outdoor,Water,Adventure,Exercise,Thrilling,Active,Sport,Fun,Summer
Wire Sculpting,Indoor,Creative,Hands-on,Learning,Skills,Artistic,Social,Relaxing,Craft
Rally Racing,Outdoor,Sport,Competitive,Exercise,Thrilling,Active,Speed,Challenge,Adventure
Gong Meditation,Indoor,Relaxing,Calm,Health,Meditation,Wellness,Quiet,Social,Healing
Beach Soccer,Outdoor,Sport,Team,Fun,Exercise,Active,Competitive,Sand,Social
Knot Tying Class,Indoor,Creative,Hands-on,Learning,Skills,Relaxing,Social,Practical,Craft
Treetop Adventure,Outdoor,Adventure,Exercise,Thrilling,Challenge,Nature,Scenic,Active,Fun
Olive Oil Tasting,Indoor,Food,Social,Tasty,Learning,Relaxing,Entertainment,Casual,Delight
Urban Exploration,Outdoor,Adventure,Exploration,Challenge,Thrilling,Active,Urban,Fun,Discovery
Quilt Making,Indoor,Creative,Hands-on,Relaxing,Learning,Skills,Artistic,Social,Craft
Sledding,Outdoor,Adventure,Snow,Fun,Thrilling,Active,Scenic,Winter,Leisure
Bagel Baking,Indoor,Creative,Food,Hands-on,Learning,Tasty,Social,Skills,Culinary
Rappelling,Outdoor,Adventure,Nature,Exercise,Thrilling,Scenic,Challenge,Active,Rocks
Retro Game Night,Indoor,Fun,Social,Entertainment,Games,Relaxing,Tech,Nostalgia,Casual
Tow Surfing,Outdoor,Water,Adventure,Exercise,Thrilling,Active,Sport,Fun,Ocean
Metal Stamping,Indoor,Creative,Hands-on,Learning,Skills,Artistic,Social,Relaxing,Craft
Drag Racing,Outdoor,Sport,Competitive,Thrilling,Exercise,Active,Speed,Challenge,Adventure
Crystal Healing,Indoor,Relaxing,Health,Calm,Wellness,Healing,Quiet,Social,Focus
Frisbee Golf,Outdoor,Sport,Fun,Exercise,Active,Scenic,Skill-based,Casual,Social
Felt Hat Making,Indoor,Creative,Hands-on,Learning,Skills,Artistic,Social,Relaxing,Craft
Parasailing,Outdoor,Adventure,Water,Thrilling,Exercise,Scenic,Active,Flying,Fun
Mustard Tasting,Indoor,Food,Social,Tasty,Learning,Relaxing,Entertainment,Casual,Delight
Street Dancing,Outdoor,Music,Fun,Social,Dance,Exercise,Energy,Performance,Urban
Bonsai Trimming,Indoor,Creative,Relaxing,Hands-on,Learning,Skills,Artistic,Social,Nature
Zorbing,Outdoor,Adventure,Thrilling,Exercise,Fun,Active,Rolling,Challenge,Unique
Salsa Making,Indoor,Creative,Food,Hands-on,Learning,Tasty,Social,Skills,Culinary
Skeleton Racing,Outdoor,Sport,Thrilling,Exercise,Active,Speed,Winter,Challenge,Adventure
Pasta Making,Indoor,Creative,Food,Hands-on,Learning,Tasty,Social,Skills,Culinary
Dune Buggy Racing,Outdoor,Sport,Competitive,Thrilling,Exercise,Active,Speed,Adventure,Sand
Vinegar Tasting,Indoor,Food,Social,Tasty,Learning,Relaxing,Entertainment,Casual,Delight
Breakdancing,Indoor,Music,Fun,Social,Dance,Exercise,Energy,Performance,Challenge
Mosaic Tiling,Indoor,Creative,Hands-on,Learning,Skills,Artistic,Social,Relaxing,Craft
Ice Karting,Outdoor,Sport,Competitive,Thrilling,Exercise,Active,Speed,Winter,Fun
Sauerkraut Making,Indoor,Creative,Food,Hands-on,Learning,Tasty,Social,Skills,Culinary
Camel Riding,Outdoor,Adventure,Nature,Exercise,Exploration,Scenic,Active,Animals,Unique
Rubber Stamping,Indoor,Creative,Hands-on,Learning,Skills,Artistic,Social,Relaxing,Craft
Tobogganing,Outdoor,Adventure,Snow,Fun,Thrilling,Active,Scenic,Winter,Leisure
Jam Making,Indoor,Creative,Food,Hands-on,Learning,Tasty,Social,Skills,Culinary
Bushwalking,Outdoor,Adventure,Nature,Exercise,Exploration,Fitness,Scenic,Wildlife,Trail
Retro Movie Marathon,Indoor,Relaxing,Entertainment,Fun,Social,Nostalgia,Cinema,Casual,Snacks
Foil Surfing,Outdoor,Water,Adventure,Exercise,Thrilling,Active,Sport,Fun,Ocean
Etching Workshop,Indoor,Creative,Hands-on,Learning,Skills,Artistic,Social,Relaxing,Craft
Stock Car Racing,Outdoor,Sport,Competitive,Thrilling,Exercise,Active,Speed,Challenge,Adventure
Chakra Balancing,Indoor,Relaxing,Health,Calm,Wellness,Healing,Quiet,Social,Focus
Cricket Match,Outdoor,Sport,Team,Competitive,Exercise,Active,Fun,Field,Social
Wreath Making,Indoor,Creative,Hands-on,Learning,Skills,Artistic,Social,Relaxing,Craft
Glider Flying,Outdoor,Adventure,Flying,Thrilling,Exercise,Scenic,Active,Nature,Fun
Soy Sauce Tasting,Indoor,Food,Social,Tasty,Learning,Relaxing,Entertainment,Casual,Delight
Capoeira,Indoor,Music,Exercise,Fun,Social,Dance,Active,Challenge,Culture
Stained Glass Art,Indoor,Creative,Hands-on,Learning,Skills,Artistic,Social,Relaxing,Craft
Snow Sculpting,Outdoor,Creative,Snow,Fun,Hands-on,Artistic,Active,Winter,Social
Chutney Making,Indoor,Creative,Food,Hands-on,Learning,Tasty,Social,Skills,Culinary
Ostrich Riding,Outdoor,Adventure,Nature,Exercise,Thrilling,Active,Animals,Fun,Unique
Linocut Printing,Indoor,Creative,Hands-on,Learning,Skills,Artistic,Social,Relaxing,Craft
Ice Sailing,Outdoor,Adventure,Snow,Thrilling,Exercise,Active,Speed,Winter,Wind
Pickle Making,Indoor,Creative,Food,Hands-on,Learning,Tasty,Social,Skills,Culinary
Segway Tour,Outdoor,Adventure,Fun,Exercise,Exploration,Active,Tech,Scenic,Social
Button Making,Indoor,Creative,Hands-on,Learning,Skills,Artistic,Social,Relaxing,Craft
Snow Biking,Outdoor,Sport,Adventure,Exercise,Thrilling,Active,Scenic,Winter,Challenge
Candy Tasting,Indoor,Food,Social,Tasty,Learning,Relaxing,Entertainment,Casual,Delight
Hula Hooping,Indoor,Exercise,Fun,Active,Social,Skill-based,Energy,Challenge,Leisure
Fabric Dyeing,Indoor,Creative,Hands-on,Learning,Skills,Artistic,Social,Relaxing,Colorful
Grass Skiing,Outdoor,Sport,Thrilling,Exercise,Active,Fun,Scenic,Summer,Challenge
Curd Making,Indoor,Creative,Food,Hands-on,Learning,Tasty,Social,Skills,Culinary
Hovercraft Racing,Outdoor,Competitive,Thrilling,Exercise,Active,Speed,Adventure,Tech,Fun
Bangle Making,Indoor,Creative,Hands-on,Learning,Skills,Artistic,Social,Relaxing,Craft
Ice Swimming,Outdoor,Adventure,Water,Thrilling,Exercise,Active,Winter,Challenge,Extreme
Kombucha Brewing,Indoor,Creative,Food,Hands-on,Learning,Tasty,Social,Skills,Health
Polo Match,Outdoor,Sport,Team,Competitive,Exercise,Active,Fun,Horses,Energy
Tapestry Weaving,Indoor,Creative,Hands-on,Learning,Skills,Artistic,Social,Relaxing,Craft
Sand Yachting,Outdoor,Adventure,Sand,Thrilling,Exercise,Active,Speed,Fun,Wind
Relish Making,Indoor,Creative,Food,Hands-on,Learning,Tasty,Social,Skills,Culinary
Electric Skateboarding,Outdoor,Exercise,Fun,Active,Thrilling,Skill-based,Urban,Tech,Speed
Book Binding,Indoor,Creative,Hands-on,Learning,Skills,Artistic,Social,Relaxing,Craft
Kite Buggying,Outdoor,Adventure,Thrilling,Exercise,Active,Speed,Wind,Fun,Sand
Yogurt Making,Indoor,Creative,Food,Hands-on,Learning,Tasty,Social,Skills,Culinary
Handball Game,Outdoor,Sport,Team,Competitive,Exercise,Active,Fun,Energy,Challenge
Fimo Clay Modeling,Indoor,Creative,Hands-on,Learning,Skills,Artistic,Social,Relaxing,Craft
Dog Agility Training,Outdoor,Exercise,Fun,Active,Animals,Challenge,Social,Skill-based,Team
Sauce Tasting,Indoor,Food,Social,Tasty,Learning,Relaxing,Entertainment,Casual,Delight
Belly Dancing,Indoor,Music,Exercise,Fun,Social,Dance,Energy,Learning,Performance
Paper Mache,Indoor,Creative,Hands-on,Learning,Skills,Artistic,Social,Relaxing,Craft
Wind Tunneling,Indoor,Adventure,Thrilling,Exercise,Flying,Active,Fun,Tech,Challenge
Marmalade Making,Indoor,Creative,Food,Hands-on,Learning,Tasty,Social,Skills,Culinary
Lacrosse Game,Outdoor,Sport,Team,Competitive,Exercise,Active,Fun,Energy,Challenge
Needle Felting,Indoor,Creative,Hands-on,Learning,Skills,Artistic,Social,Relaxing,Craft
Airsoft,Outdoor,Competitive,Team,Adventure,Thrilling,Strategy,Active,Fun,Action
Syrup Making,Indoor,Creative,Food,Hands-on,Learning,Tasty,Social,Skills,Culinary
Sumo Wrestling,Indoor,Sport,Competitive,Exercise,Fun,Active,Challenge,Strength,Culture
String Art,Indoor,Creative,Hands-on,Learning,Skills,Artistic,Social,Relaxing,Craft
Cycle Polo,Outdoor,Sport,Team,Competitive,Exercise,Active,Fun,Bikes,Energy
Kimchi Making,Indoor,Creative,Food,Hands-on,Learning,Tasty,Social,Skills,Culinary
Water Polo,Outdoor,Water,Sport,Team,Competitive,Exercise,Active,Fun,Challenge
Tassel Making,Indoor,Creative,Hands-on,Learning,Skills,Artistic,Social,Relaxing,Craft
Barefoot Skiing,Outdoor,Water,Adventure,Thrilling,Exercise,Active,Sport,Fun,Summer
Butter Tasting,Indoor,Food,Social,Tasty,Learning,Relaxing,Entertainment,Casual,Delight
Flamenco Dancing,Indoor,Music,Exercise,Fun,Social,Dance,Energy,Learning,Performance
Decoupage,Indoor,Creative,Hands-on,Learning,Skills,Artistic,Social,Relaxing,Craft
Synchronized Swimming,Outdoor,Water,Sport,Team,Exercise,Active,Fun,Skill-based,Performance
Honeycomb Making,Indoor,Creative,Food,Hands-on,Learning,Tasty,Social,Skills,Culinary
Tug of War,Outdoor,Team,Competitive,Exercise,Fun,Active,Strength,Challenge,Social
Pompom Making,Indoor,Creative,Hands-on,Learning,Skills,Artistic,Social,Relaxing,Craft
Wheelchair Basketball,Indoor,Sport,Team,Competitive,Exercise,Active,Fun,Energy,Challenge
Custard Making,Indoor,Creative,Food,Hands-on,Learning,Tasty,Social,Skills,Culinary
Arm Wrestling,Indoor,Competitive,Exercise,Fun,Strength,Challenge,Active,Social,Quick
Wire Wrapping,Indoor,Creative,Hands-on,Learning,Skills,Artistic,Social,Relaxing,Craft
Water Rocket Launch,Outdoor,Fun,Adventure,Hands-on,Active,Tech,Challenge,Exploration,Social
Mayonnaise Making,Indoor,Creative,Food,Hands-on,Learning,Tasty,Social,Skills,Culinary
Field Hockey,Outdoor,Sport,Team,Competitive,Exercise,Active,Fun,Energy,Challenge
Ribbon Embroidery,Indoor,Creative,Hands-on,Learning,Skills,Artistic,Social,Relaxing,Craft
Rocket Building,Indoor,Creative,Hands-on,Learning,Tech,Challenge,Social,Fun,Discovery
Ketchup Tasting,Indoor,Food,Social,Tasty,Learning,Relaxing,Entertainment,Casual,Delight
Bollywood Dancing,Indoor,Music,Exercise,Fun,Social,Dance,Energy,Learning,Performance
Scrapbooking,Indoor,Creative,Hands-on,Learning,Skills,Artistic,Social,Relaxing,Memories
Curling,Indoor,Sport,Team,Competitive,Skill-based,Active,Fun,Winter,Strategy
Gelato Making,Indoor,Creative,Food,Hands-on,Learning,Tasty,Social,Skills,Culinary
Capture the Flag,Outdoor,Team,Competitive,Exercise,Fun,Active,Strategy,Adventure,Social
Beeswax Wrapping,Indoor,Creative,Hands-on,Learning,Skills,Artistic,Social,Relaxing,Craft
Blind Volleyball,Indoor,Sport,Team,Competitive,Exercise,Fun,Active,Challenge,Social
Noodle Making,Indoor,Creative,Food,Hands-on,Learning,Tasty,Social,Skills,Culinary
Roller Derby,Indoor,Sport,Competitive,Exercise,Team,Active,Fun,Challenge,Speed
Scented Sachet Making,Indoor,Creative,Hands-on,Relaxing,Learning,Skills,Artistic,Social,Scent
Bog Snorkeling,Outdoor,Water,Adventure,Thrilling,Exercise,Active,Fun,Unique,Challenge
Tai Chi Class,Indoor,Relaxing,Exercise,Health,Calm,Meditation,Movement,Social,Focus
Powerboating,Outdoor,Water,Adventure,Thrilling,Speed,Active,Fun,Sport,Challenge
Chalk Art,Indoor,Creative,Hands-on,Fun,Artistic,Social,Relaxing,Skills,Colorful
Reindeer Sledding,Outdoor,Adventure,Snow,Exercise,Animals,Thrilling,Scenic,Winter,Unique
Mocktail Mixing,Indoor,Creative,Drinks,Learning,Social,Tasty,Fun,Skills,Refreshments
 Trials Biking,Outdoor,Sport,Exercise,Skill-based,Thrilling,Active,Challenge,Balance,Adventure
Bubble Soccer,Outdoor,Fun,Sport,Team,Exercise,Active,Laughter,Competitive,Social
Owl Handling,Outdoor,Nature,Learning,Animals,Skill-based,Adventure,Focus,Unique,Scenic
Batik Dyeing,Indoor,Creative,Hands-on,Learning,Skills,Artistic,Social,Relaxing,Colorful
Wing Walking,Outdoor,Adventure,Thrilling,Flying,Exercise,Active,Scenic,Extreme,Challenge
Incense Making,Indoor,Creative,Hands-on,Relaxing,Learning,Skills,Artistic,Social,Scent
Nerf War,Indoor,Competitive,Team,Fun,Active,Strategy,Thrilling,Social,Action
Microgreens Growing,Indoor,Nature,Relaxing,Creative,Hands-on,Learning,Health,Social,Growth
Flyboarding,Outdoor,Water,Adventure,Thrilling,Exercise,Active,Flying,Sport,Fun
Paper Quilling,Indoor,Creative,Hands-on,Learning,Skills,Artistic,Social,Relaxing,Craft
Freestyle Skiing,Outdoor,Sport,Thrilling,Exercise,Active,Scenic,Winter,Challenge,Adventure
Soda Tasting,Indoor,Food,Social,Tasty,Learning,Relaxing,Entertainment,Casual,Drinks
Street Football,Outdoor,Sport,Team,Competitive,Exercise,Active,Fun,Urban,Energy
Wicker Weaving,Indoor,Creative,Hands-on,Learning,Skills,Artistic,Social,Relaxing,Craft
Snow Kayaking,Outdoor,Adventure,Snow,Thrilling,Exercise,Active,Scenic,Winter,Fun
Biscuit Baking,Indoor,Creative,Food,Hands-on,Learning,Tasty,Social,Skills,Culinary
Canyoning,Outdoor,Adventure,Nature,Exercise,Thrilling,Water,Scenic,Challenge,Active
Vinyl Listening Party,Indoor,Music,Relaxing,Social,Entertainment,Retro,Fun,Casual,Vibes
Aquabiking,Outdoor,Water,Exercise,Fun,Active,Fitness,Sport,Thrilling,Social
Clay Animation,Indoor,Creative,Hands-on,Learning,Skills,Artistic,Social,Fun,Animation
Formula Racing,Outdoor,Sport,Competitive,Thrilling,Speed,Active,Challenge,Adventure,Tech
Breathwork Session,Indoor,Relaxing,Health,Calm,Wellness,Meditation,Quiet,Social,Focus
Sand Rugby,Outdoor,Sport,Team,Competitive,Exercise,Active,Fun,Sand,Energy
Rope Coiling Class,Indoor,Creative,Hands-on,Learning,Skills,Relaxing,Social,Practical,Craft
Canopy Tour,Outdoor,Adventure,Nature,Thrilling,Exercise,Scenic,Active,Exploration,Fun
Maple Syrup Tasting,Indoor,Food,Social,Tasty,Learning,Relaxing,Entertainment,Casual,Delight
Rooftop Yoga,Outdoor,Exercise,Fitness,Relaxing,Health,Meditation,Calm,Scenic,Social
Patchwork Sewing,Indoor,Creative,Hands-on,Learning,Skills,Artistic,Social,Relaxing,Craft
Ice Luge,Outdoor,Adventure,Snow,Fun,Thrilling,Active,Scenic,Winter,Speed
Muffin Baking,Indoor,Creative,Food,Hands-on,Learning,Tasty,Social,Skills,Culinary
Via Ferrata,Outdoor,Adventure,Nature,Exercise,Thrilling,Scenic,Challenge,Active,Climbing
Arcade Night,Indoor,Fun,Social,Entertainment,Games,Relaxing,Tech,Nostalgia,Challenge
Paddle Surfing,Outdoor,Water,Adventure,Exercise,Active,Fun,Sport,Scenic,Balancing
Pewter Casting,Indoor,Creative,Hands-on,Learning,Skills,Artistic,Social,Relaxing,Craft
Drift Racing,Outdoor,Sport,Competitive,Thrilling,Speed,Active,Challenge,Adventure,Skill-based
Guided Imagery,Indoor,Relaxing,Health,Calm,Wellness,Meditation,Quiet,Social,Imagination
Ultimate Frisbee,Outdoor,Sport,Team,Competitive,Exercise,Active,Fun,Energy,Social
Rug Hooking,Indoor,Creative,Hands-on,Learning,Skills,Artistic,Social,Relaxing,Craft
Airboarding,Outdoor,Adventure,Snow,Thrilling,Exercise,Active,Scenic,Winter,Fun
Hot Sauce Tasting,Indoor,Food,Social,Tasty,Learning,Relaxing,Entertainment,Casual,Spicy
Hip Hop Dancing,Outdoor,Music,Exercise,Fun,Social,Dance,Energy,Performance,Urban
Bamboo Crafting,Indoor,Creative,Hands-on,Learning,Skills,Artistic,Social,Relaxing,Nature
Bodyboarding,Outdoor,Water,Adventure,Thrilling,Exercise,Active,Sport,Fun,Ocean
Cookie Decorating,Indoor,Creative,Food,Hands-on,Learning,Tasty,Social,Skills,Fun
Ice Yachting,Outdoor,Adventure,Snow,Thrilling,Speed,Active,Winter,Scenic,Wind
Mitten Knitting,Indoor,Creative,Hands-on,Learning,Skills,Artistic,Social,Relaxing,Craft
Donkey Riding,Outdoor,Adventure,Nature,Exercise,Fun,Active,Animals,Scenic,Unique
Saucepan Crafting,Indoor,Creative,Hands-on,Learning,Skills,Artistic,Social,Relaxing,Culinary
Sheep Herding,Outdoor,Nature,Exercise,Team,Active,Animals,Challenge,Fun,Skill-based
Truffle Making,Indoor,Creative,Food,Hands-on,Learning,Tasty,Social,Skills,Culinary
Goat Yoga,Outdoor,Exercise,Relaxing,Fun,Health,Meditation,Animals,Social,Nature
Suncatcher Crafting,Indoor,Creative,Hands-on,Learning,Skills,Artistic,Social,Relaxing,Light
Snow Polo,Outdoor,Sport,Team,Competitive,Exercise,Active,Fun,Winter,Horses
Pesto Making,Indoor,Creative,Food,Hands-on,Learning,Tasty,Social,Skills,Culinary
Elephant Trekking,Outdoor,Adventure,Nature,Exercise,Exploration,Scenic,Animals,Active,Unique
Bookmark Making,Indoor,Creative,Hands-on,Learning,Skills,Artistic,Social,Relaxing,Craft
Snow Kiting,Outdoor,Adventure,Snow,Thrilling,Exercise,Active,Speed,Winter,Wind
Fudge Making,Indoor,Creative,Food,Hands-on,Learning,Tasty,Social,Skills,Culinary
Bocce Ball,Outdoor,Fun,Social,Casual,Skill-based,Exercise,Active,Leisure,Group
Cork Crafting,Indoor,Creative,Hands-on,Learning,Skills,Artistic,Social,Relaxing,Upcycling
Rowboat Racing,Outdoor,Water,Team,Competitive,Exercise,Active,Sport,Fun,Challenge
Doughnut Baking,Indoor,Creative,Food,Hands-on,Learning,Tasty,Social,Skills,Culinary
Llama Hiking,Outdoor,Adventure,Nature,Exercise,Exploration,Scenic,Animals,Active,Fun
Pinata Making,Indoor,Creative,Hands-on,Learning,Skills,Artistic,Social,Relaxing,Fun
Snow Golf,Outdoor,Sport,Fun,Skill-based,Exercise,Active,Scenic,Winter,Casual
Caramel Tasting,Indoor,Food,Social,Tasty,Learning,Relaxing,Entertainment,Casual,Delight
Zumba Class,Indoor,Music,Exercise,Fun,Social,Dance,Energy,Active,Fitness
Tile Painting,Indoor,Creative,Hands-on,Learning,Skills,Artistic,Social,Relaxing,Craft
Water Basketball,Outdoor,Water,Sport,Team,Competitive,Exercise,Active,Fun,Summer
Brandy Tasting,Indoor,Food,Social,Tasty,Learning,Relaxing,Entertainment,Casual,Drinks
Jive Dancing,Indoor,Music,Exercise,Fun,Social,Dance,Energy,Learning,Performance
Glass Painting,Indoor,Creative,Hands-on,Learning,Skills,Artistic,Social,Relaxing,Craft
Sack Racing,Outdoor,Fun,Competitive,Exercise,Active,Team,Laughter,Challenge,Social
Toffee Making,Indoor,Creative,Food,Hands-on,Learning,Tasty,Social,Skills,Culinary
Egg Toss,Outdoor,Fun,Social,Competitive,Active,Team,Laughter,Challenge,Casual
Feather Crafting,Indoor,Creative,Hands-on,Learning,Skills,Artistic,Social,Relaxing,Light
Snow Volleyball,Outdoor,Sport,Team,Competitive,Exercise,Active,Fun,Winter,Social
Marshmallow Roasting,Outdoor,Food,Social,Tasty,Relaxing,Fun,Fire,Casual,Outdoor
Swing Dancing,Indoor,Music,Exercise,Fun,Social,Dance,Energy,Learning,Performance
Shell Collecting,Outdoor,Nature,Relaxing,Exploration,Fun,Scenic,Active,Beach,Social
Tire Rolling,Outdoor,Fun,Competitive,Exercise,Active,Team,Challenge,Laughter,Social
Ghee Making,Indoor,Creative,Food,Hands-on,Learning,Tasty,Social,Skills,Culinary
Hula Dancing,Indoor,Music,Exercise,Fun,Social,Dance,Energy,Learning,Culture
Pebble Painting,Indoor,Creative,Hands-on,Learning,Skills,Artistic,Social,Relaxing,Craft
Three-Legged Race,Outdoor,Fun,Team,Competitive,Exercise,Active,Laughter,Challenge,Social
Lassi Making,Indoor,Creative,Food,Hands-on,Learning,Tasty,Social,Skills,Refreshments
Merengue Dancing,Indoor,Music,Exercise,Fun,Social,Dance,Energy,Learning,Performance
Rock Polishing,Indoor,Creative,Hands-on,Learning,Skills,Artistic,Social,Relaxing,Craft
Wheelbarrow Race,Outdoor,Fun,Team,Competitive,Exercise,Active,Laughter,Challenge,Social
Paneer Making,Indoor,Creative,Food,Hands-on,Learning,Tasty,Social,Skills,Culinary
Line Dancing,Indoor,Music,Exercise,Fun,Social,Dance,Energy,Learning,Group
Button Collecting,Indoor,Creative,Relaxing,Hands-on,Learning,Social,Hobby,Casual,Craft
Duckpin Bowling,Indoor,Sport,Fun,Casual,Group,Competition,Leisure,Skill-based,Social
Sorbet Tasting,Indoor,Food,Social,Tasty,Learning,Relaxing,Entertainment,Casual,Delight
Polka Dancing,Indoor,Music,Exercise,Fun,Social,Dance,Energy,Learning,Performance
Driftwood Art,Indoor,Creative,Hands-on,Learning,Skills,Artistic,Social,Relaxing,Nature
Pin the Tail,Indoor,Fun,Social,Casual,Group,Laughter,Entertainment,Challenge,Games
Churned Ice Cream Making,Indoor,Creative,Food,Hands-on,Learning,Tasty,Social,Skills,Culinary
Tap Dancing,Indoor,Music,Exercise,Fun,Social,Dance,Energy,Learning,Performance
Seed Planting,Indoor,Nature,Relaxing,Hands-on,Learning,Growth,Social,Creative,Calm
Red Rover Game,Outdoor,Team,Fun,Competitive,Exercise,Active,Laughter,Challenge,Social
Raita Making,Indoor,Creative,Food,Hands-on,Learning,Tasty,Social,Skills,Culinary
Cha-Cha Dancing,Indoor,Music,Exercise,Fun,Social,Dance,Energy,Learning,Performance
Leaf Pressing,Indoor,Creative,Hands-on,Learning,Skills,Artistic,Social,Relaxing,Nature
Dodgeball Tournament,Outdoor,Sport,Team,Competitive,Exercise,Active,Fun,Energy,Challenge
Cider Tasting,Indoor,Food,Social,Tasty,Learning,Relaxing,Entertainment,Casual,Drinks
Foxtrot Dancing,Indoor,Music,Exercise,Fun,Social,Dance,Energy,Learning,Performance
Pinecone Crafting,Indoor,Creative,Hands-on,Learning,Skills,Artistic,Social,Relaxing,Nature
Tag Team Relay,Outdoor,Team,Competitive,Exercise,Active,Fun,Challenge,Energy,Social
Kulfi Making,Indoor,Creative,Food,Hands-on,Learning,Tasty,Social,Skills,Culinary
Waltz Dancing,Indoor,Music,Exercise,Fun,Social,Dance,Energy,Learning,Performance
Twig Weaving,Indoor,Creative,Hands-on,Learning,Skills,Artistic,Social,Relaxing,Nature
Jump Rope Contest,Outdoor,Exercise,Fun,Competitive,Active,Skill-based,Challenge,Energy,Social
Sherbet Making,Indoor,Creative,Food,Hands-on,Learning,Tasty,Social,Skills,Culinary
Samba Dancing,Indoor,Music,Exercise,Fun,Social,Dance,Energy,Learning,Performance
Acorn Crafting,Indoor,Creative,Hands-on,Learning,Skills,Artistic,Social,Relaxing,Nature
Hoop Rolling,Outdoor,Fun,Exercise,Active,Competitive,Skill-based,Challenge,Casual,Social
Falooda Making,Indoor,Creative,Food,Hands-on,Learning,Tasty,Social,Skills,Refreshments
Rumba Dancing,Indoor,Music,Exercise,Fun,Social,Dance,Energy,Learning,Performance
Bark Rubbing,Indoor,Creative,Hands-on,Learning,Skills,Artistic,Social,Relaxing,Nature
Hopscotch,Outdoor,Fun,Exercise,Active,Social,Skill-based,Challenge,Casual,Leisure
Pudding Making,Indoor,Creative,Food,Hands-on,Learning,Tasty,Social,Skills,Culinary
Tango Dancing,Indoor,Music,Exercise,Fun,Social,Dance,Energy,Learning,Performance
Grass Weaving,Indoor,Creative,Hands-on,Learning,Skills,Artistic,Social,Relaxing,Nature
Kickball Game,Outdoor,Sport,Team,Competitive,Exercise,Active,Fun,Energy,Social
Jelly Tasting,Indoor,Food,Social,Tasty,Learning,Relaxing,Entertainment,Casual,Delight
Blind Soccer,Outdoor,Sport,Team,Competitive,Exercise,Active,Fun,Challenge,Social
Lavender Sachet Crafting,Indoor,Creative,Hands-on,Relaxing,Learning,Skills,Artistic,Social,Scent
Mud Wrestling,Outdoor,Adventure,Competitive,Exercise,Thrilling,Active,Fun,Messy,Challenge
Qigong Session,Indoor,Relaxing,Exercise,Health,Calm,Meditation,Movement,Social,Focus
Speedboating,Outdoor,Water,Adventure,Thrilling,Speed,Active,Fun,Sport,Challenge
Pastel Drawing,Indoor,Creative,Hands-on,Learning,Artistic,Relaxing,Skills,Social,Colorful
Horse Sledding,Outdoor,Adventure,Snow,Exercise,Animals,Thrilling,Scenic,Winter,Unique
Juice Blending,Indoor,Creative,Drinks,Learning,Social,Tasty,Fun,Skills,Refreshments
Enduro Biking,Outdoor,Sport,Exercise,Adventure,Active,Challenge,Trail,Endurance,Nature
Sumo Suit Wrestling,Indoor,Fun,Competitive,Exercise,Active,Laughter,Thrilling,Social,Challenge
Hawk Training,Outdoor,Nature,Skill-based,Learning,Animals,Adventure,Focus,Unique,Scenic
Silk Painting,Indoor,Creative,Hands-on,Learning,Skills,Artistic,Social,Relaxing,Colorful
Aerobatic Flying,Outdoor,Adventure,Thrilling,Flying,Exercise,Active,Scenic,Extreme,Challenge
Potpourri Making,Indoor,Creative,Hands-on,Relaxing,Learning,Skills,Artistic,Social,Scent
Foam Party,Indoor,Fun,Social,Active,Entertainment,Dance,Thrilling,Energy,Casual
Bonsai Growing,Indoor,Nature,Relaxing,Creative,Hands-on,Learning,Skills,Social,Calm
Wake Skating,Outdoor,Water,Adventure,Thrilling,Exercise,Active,Sport,Fun,Summer
Paper Marbling,Indoor,Creative,Hands-on,Learning,Skills,Artistic,Social,Relaxing,Craft
Snowboard Jumping,Outdoor,Sport,Thrilling,Exercise,Active,Scenic,Winter,Challenge,Adventure
Juice Tasting,Indoor,Food,Social,Tasty,Learning,Relaxing,Entertainment,Casual,Drinks
Pickup Basketball,Outdoor,Sport,Team,Competitive,Exercise,Active,Fun,Casual,Energy
Rattan Weaving,Indoor,Creative,Hands-on,Learning,Skills,Artistic,Social,Relaxing,Craft
Snow Sledding,Outdoor,Adventure,Snow,Fun,Thrilling,Active,Scenic,Winter,Leisure
Croissant Baking,Indoor,Creative,Food,Hands-on,Learning,Tasty,Social,Skills,Culinary
Gorge Walking,Outdoor,Adventure,Nature,Exercise,Thrilling,Water,Scenic,Challenge,Active
Record Spinning Night,Indoor,Music,Relaxing,Social,Entertainment,Retro,Fun,Casual,Vibes
Water Trampolining,Outdoor,Water,Fun,Exercise,Thrilling,Active,Jumping,Social,Summer
Stop Motion Filming,Indoor,Creative,Hands-on,Learning,Skills,Artistic,Social,Fun,Tech
Kart Racing,Outdoor,Sport,Competitive,Thrilling,Speed,Active,Challenge,Adventure,Fun
Mindfulness Walk,Outdoor,Relaxing,Health,Calm,Nature,Meditation,Quiet,Scenic,Wellness
Sand Tennis,Outdoor,Sport,Competitive,Exercise,Active,Fun,Sand,Skill-based,Social
Net Making,Indoor,Creative,Hands-on,Learning,Skills,Relaxing,Social,Practical,Craft
Sky Swing,Outdoor,Adventure,Thrilling,Exercise,Fun,Active,Scenic,Flying,Challenge
Honey Tasting,Indoor,Food,Social,Tasty,Learning,Relaxing,Entertainment,Casual,Delight
Terrace Yoga,Outdoor,Exercise,Fitness,Relaxing,Health,Meditation,Calm,Scenic,Social
Denim Upcycling,Indoor,Creative,Hands-on,Learning,Skills,Artistic,Social,Relaxing,Craft
Ice Sledding,Outdoor,Adventure,Snow,Fun,Thrilling,Active,Scenic,Winter,Leisure
Scone Baking,Indoor,Creative,Food,Hands-on,Learning,Tasty,Social,Skills,Culinary
Rock Scrambling,Outdoor,Adventure,Nature,Exercise,Thrilling,Scenic,Challenge,Active,Climbing
Pinball Night,Indoor,Fun,Social,Entertainment,Games,Relaxing,Tech,Nostalgia,Challenge
Skimboarding,Outdoor,Water,Adventure,Exercise,Active,Fun,Sport,Beach,Skill-based
Brass Rubbing,Indoor,Creative,Hands-on,Learning,Skills,Artistic,Social,Relaxing,Craft
Road Rally,Outdoor,Sport,Competitive,Thrilling,Speed,Active,Challenge,Adventure,Team
Sound Healing,Indoor,Relaxing,Health,Calm,Wellness,Meditation,Quiet,Social,Healing
Flying Disc Game,Outdoor,Sport,Fun,Exercise,Active,Team,Casual,Energy,Social
Cordage Making,Indoor,Creative,Hands-on,Learning,Skills,Relaxing,Social,Practical,Craft
Snow Surfing,Outdoor,Adventure,Snow,Thrilling,Exercise,Active,Scenic,Winter,Fun
Spice Tasting,Indoor,Food,Social,Tasty,Learning,Relaxing,Entertainment,Casual,Flavors
Breakdance Battle,Outdoor,Music,Exercise,Competitive,Social,Dance,Energy,Performance,Urban
Willow Sculpting,Indoor,Creative,Hands-on,Learning,Skills,Artistic,Social,Relaxing,Nature
Wave Surfing,Outdoor,Water,Adventure,Thrilling,Exercise,Active,Sport,Fun,Ocean
Cupcake Decorating,Indoor,Creative,Food,Hands-on,Learning,Tasty,Social,Skills,Fun
Ice Boating,Outdoor,Adventure,Snow,Thrilling,Speed,Active,Winter,Scenic,Wind
Scarf Knitting,Indoor,Creative,Hands-on,Learning,Skills,Artistic,Social,Relaxing,Craft
Mule Trekking,Outdoor,Adventure,Nature,Exercise,Exploration,Scenic,Animals,Active,Unique
Pan Crafting,Indoor,Creative,Hands-on,Learning,Skills,Artistic,Social,Relaxing,Culinary
Cattle Herding,Outdoor,Nature,Exercise,Team,Active,Animals,Challenge,Fun,Skill-based
Brownie Making,Indoor,Creative,Food,Hands-on,Learning,Tasty,Social,Skills,Culinary
Cow Yoga,Outdoor,Exercise,Relaxing,Fun,Health,Meditation,Animals,Social,Nature
Windchime Crafting,Indoor,Creative,Hands-on,Learning,Skills,Artistic,Social,Relaxing,Sound
Ice Polo,Outdoor,Sport,Team,Competitive,Exercise,Active,Fun,Winter,Challenge
Marinara Making,Indoor,Creative,Food,Hands-on,Learning,Tasty,Social,Skills,Culinary
Buffalo Riding,Outdoor,Adventure,Nature,Exercise,Exploration,Scenic,Animals,Active,Unique
Card Crafting,Indoor,Creative,Hands-on,Learning,Skills,Artistic,Social,Relaxing,Fun
Ice Kiting,Outdoor,Adventure,Snow,Thrilling,Exercise,Active,Speed,Winter,Wind
Taffy Making,Indoor,Creative,Food,Hands-on,Learning,Tasty,Social,Skills,Culinary
Lawn Darts,Outdoor,Fun,Social,Casual,Skill-based,Exercise,Active,Leisure,Group
Bottle Crafting,Indoor,Creative,Hands-on,Learning,Skills,Artistic,Social,Relaxing,Upcycling
Canoe Polo,Outdoor,Water,Team,Competitive,Exercise,Active,Sport,Fun,Challenge
Pastry Baking,Indoor,Creative,Food,Hands-on,Learning,Tasty,Social,Skills,Culinary
Yak Hiking,Outdoor,Adventure,Nature,Exercise,Exploration,Scenic,Animals,Active,Fun
Papercut Art,Indoor,Creative,Hands-on,Learning,Skills,Artistic,Social,Relaxing,Precision
Ice Dodgeball,Outdoor,Sport,Team,Competitive,Exercise,Active,Fun,Winter,Social
Molasses Tasting,Indoor,Food,Social,Tasty,Learning,Relaxing,Entertainment,Casual,Delight
Aerobics Class,Indoor,Exercise,Fun,Active,Social,Fitness,Energy,Music,Group
Pot Painting,Indoor,Creative,Hands-on,Learning,Skills,Artistic,Social,Relaxing,Craft
Water Polo Match,Outdoor,Water,Sport,Team,Competitive,Exercise,Active,Fun,Challenge
Rum Tasting,Indoor,Food,Social,Tasty,Learning,Relaxing,Entertainment,Casual,Drinks
Jazz Dancing,Indoor,Music,Exercise,Fun,Social,Dance,Energy,Learning,Performance
Mirror Crafting,Indoor,Creative,Hands-on,Learning,Skills,Artistic,Social,Relaxing,Craft
Barrel Racing,Outdoor,Sport,Competitive,Exercise,Thrilling,Active,Fun,Horses,Challenge
Candy Crafting,Indoor,Creative,Food,Hands-on,Learning,Tasty,Social,Skills,Fun
Balloon Toss,Outdoor,Fun,Social,Competitive,Active,Team,Laughter,Challenge,Casual
Bead Crafting,Indoor,Creative,Hands-on,Learning,Skills,Artistic,Social,Relaxing,Jewelry
Ice Rugby,Outdoor,Sport,Team,Competitive,Exercise,Active,Fun,Winter,Energy
Popcorn Roasting,Outdoor,Food,Social,Tasty,Relaxing,Fun,Fire,Casual,Outdoor
Disco Dancing,Indoor,Music,Exercise,Fun,Social,Dance,Energy,Retro,Performance
Rock Collecting,Outdoor,Nature,Relaxing,Exploration,Fun,Scenic,Active,Hobby,Social
Bucket Drumming,Outdoor,Music,Fun,Social,Creative,Energy,Performance,Active,Rhythm
Cheese Curd Making,Indoor,Creative,Food,Hands-on,Learning,Tasty,Social,Skills,Culinary
Contemporary Dance,Indoor,Music,Exercise,Fun,Social,Dance,Energy,Learning,Expression
Coin Collecting,Indoor,Relaxing,Learning,Social,Hobby,Focus,Casual,History,Fun
Miniature Golfing,Indoor,Sport,Fun,Casual,Group,Skill-based,Leisure,Challenge,Social
Vinegar Crafting,Indoor,Creative,Food,Hands-on,Learning,Tasty,Social,Skills,Culinary
Square Dancing,Indoor,Music,Exercise,Fun,Social,Dance,Energy,Learning,Group
Stamp Collecting,Indoor,Relaxing,Learning,Social,Hobby,Focus,Casual,History,Fun
Coconut Bowling,Outdoor,Sport,Fun,Casual,Group,Competition,Leisure,Skill-based,Social
Kefir Making,Indoor,Creative,Food,Hands-on,Learning,Tasty,Social,Skills,Health
Breakdance Jam,Indoor,Music,Exercise,Competitive,Social,Dance,Energy,Performance,Fun
Toy Collecting,Indoor,Relaxing,Learning,Social,Hobby,Focus,Casual,Nostalgia,Fun
Beach Dodgeball,Outdoor,Sport,Team,Competitive,Exercise,Active,Fun,Sand,Social
Whipped Cream Making,Indoor,Creative,Food,Hands-on,Learning,Tasty,Social,Skills,Culinary
Freestyle Dancing,Indoor,Music,Exercise,Fun,Social,Dance,Energy,Creative,Performance
Bottle Cap Collecting,Indoor,Relaxing,Learning,Social,Hobby,Focus,Casual,Upcycling,Fun
Crate Stacking,Outdoor,Fun,Team,Competitive,Exercise,Active,Challenge,Balancing,Social
Sour Cream Making,Indoor,Creative,Food,Hands-on,Learning,Tasty,Social,Skills,Culinary
Street Performer Dance,Outdoor,Music,Exercise,Fun,Social,Dance,Energy,Performance,Urban
Postcard Collecting,Indoor,Relaxing,Learning,Social,Hobby,Focus,Casual,Travel,Fun
Stool Balancing,Indoor,Fun,Competitive,Exercise,Active,Skill-based,Challenge,Laughter,Social
Ricotta Making,Indoor,Creative,Food,Hands-on,Learning,Tasty,Social,Skills,Culinary
Flash Mob Dance,Outdoor,Music,Exercise,Fun,Social,Dance,Energy,Performance,Surprise
Comic Book Collecting,Indoor,Relaxing,Learning,Social,Hobby,Focus,Casual,Artistic,Fun
Slackline Walking,Outdoor,Exercise,Skill-based,Fun,Active,Challenge,Balancing,Nature,Social
Mascarpone Making,Indoor,Creative,Food,Hands-on,Learning,Tasty,Social,Skills,Culinary
Pop Dance Party,Indoor,Music,Exercise,Fun,Social,Dance,Energy,Entertainment,Performance
Vinyl Collecting,Indoor,Relaxing,Learning,Social,Hobby,Focus,Casual,Music,Retro
Chair Racing,Indoor,Fun,Competitive,Exercise,Active,Laughter,Challenge,Social,Casual
Clotted Cream Making,Indoor,Creative,Food,Hands-on,Learning,Tasty,Social,Skills,Culinary
Rave Dancing,Indoor,Music,Exercise,Fun,Social,Dance,Energy,Entertainment,Lights
Ticket Stub Collecting,Indoor,Relaxing,Learning,Social,Hobby,Focus,Casual,Memories,Fun
Bean Bag Toss,Outdoor,Fun,Social,Casual,Skill-based,Exercise,Active,Leisure,Group
Labneh Making,Indoor,Creative,Food,Hands-on,Learning,Tasty,Social,Skills,Culinary
Trance Dance,Indoor,Music,Exercise,Fun,Social,Dance,Energy,Relaxing,Performance
Matchbox Collecting,Indoor,Relaxing,Learning,Social,Hobby,Focus,Casual,Miniatures,Fun
Ladder Golf,Outdoor,Fun,Social,Casual,Skill-based,Exercise,Active,Leisure,Group
Gorgonzola Making,Indoor,Creative,Food,Hands-on,Learning,Tasty,Social,Skills,Culinary
House Dance Party,Indoor,Music,Exercise,Fun,Social,Dance,Energy,Entertainment,Performance
Pin Collecting,Indoor,Relaxing,Learning,Social,Hobby,Focus,Casual,Memories,Fun
Horseshoe Toss,Outdoor,Fun,Social,Casual,Skill-based,Exercise,Active,Leisure,Group
Brie Making,Indoor,Creative,Food,Hands-on,Learning,Tasty,Social,Skills,Culinary
Reggae Dance Jam,Indoor,Music,Exercise,Fun,Social,Dance,Energy,Relaxing,Performance
Keychain Collecting,Indoor,Relaxing,Learning,Social,Hobby,Focus,Casual,Memories,Fun
Ring Toss,Outdoor,Fun,Social,Casual,Skill-based,Exercise,Active,Leisure,Group
Camembert Making,Indoor,Creative,Food,Hands-on,Learning,Tasty,Social,Skills,Culinary
Ska Dance Night,Indoor,Music,Exercise,Fun,Social,Dance,Energy,Entertainment,Performance
Sticker Collecting,Indoor,Relaxing,Learning,Social,Hobby,Focus,Casual,Artistic,Fun
Corn Toss,Outdoor,Fun,Social,Casual,Skill-based,Exercise,Active,Leisure,Group
Cheddar Making,Indoor,Creative,Food,Hands-on,Learning,Tasty,Social,Skills,Culinary
Punk Dance Party,Indoor,Music,Exercise,Fun,Social,Dance,Energy,Entertainment,Performance
Magnet Collecting,Indoor,Relaxing,Learning,Social,Hobby,Focus,Casual,Memories,Fun
Washer Pitching,Outdoor,Fun,Social,Casual,Skill-based,Exercise,Active,Leisure,Group
Mozzarella Making,Indoor,Creative,Food,Hands-on,Learning,Tasty,Social,Skills,Culinary
Funk Dance Jam,Indoor,Music,Exercise,Fun,Social,Dance,Energy,Entertainment,Performance
Patch Collecting,Indoor,Relaxing,Learning,Social,Hobby,Focus,Casual,Memories,Fun
Bottle Toss,Outdoor,Fun,Social,Casual,Skill-based,Exercise,Active,Leisure,Group
Parmesan Making,Indoor,Creative,Food,Hands-on,Learning,Tasty,Social,Skills,Culinary
Soul Dance Night,Indoor,Music,Exercise,Fun,Social,Dance,Energy,Relaxing,Performance
Coin Toss Collecting,Indoor,Relaxing,Learning,Social,Hobby,Focus,Casual,Memories,Fun
Stick Toss,Outdoor,Fun,Social,Casual,Skill-based,Exercise,Active,Leisure,Group
Gouda Making,Indoor,Creative,Food,Hands-on,Learning,Tasty,Social,Skills,Culinary
Blues Dance Party,Indoor,Music,Exercise,Fun,Social,Dance,Energy,Relaxing,Performance
Card Collecting,Indoor,Relaxing,Learning,Social,Hobby,Focus,Casual,Memories,Fun
Can Toss,Outdoor,Fun,Social,Casual,Skill-based,Exercise,Active,Leisure,Group
Swiss Cheese Making,Indoor,Creative,Food,Hands-on,Learning,Tasty,Social,Skills,Culinary
Rock Dance Jam,Indoor,Music,Exercise,Fun,Social,Dance,Energy,Entertainment,Performance
Badge Collecting,Indoor,Relaxing,Learning,Social,Hobby,Focus,Casual,Memories,Fun
Frisbee Toss,Outdoor,Fun,Social,Casual,Skill-based,Exercise,Active,Leisure,Group
Feta Making,Indoor,Creative,Food,Hands-on,Learning,Tasty,Social,Skills,Culinary
Country Dance Night,Indoor,Music,Exercise,Fun,Social,Dance,Energy,Learning,Performance
Token Collecting,Indoor,Relaxing,Learning,Social,Hobby,Focus,Casual,Memories,Fun
Ball Toss,Outdoor,Fun,Social,Casual,Skill-based,Exercise,Active,Leisure,Group
Roquefort Making,Indoor,Creative,Food,Hands-on,Learning,Tasty,Social,Skills,Culinary
Latin Dance Party,Indoor,Music,Exercise,Fun,Social,Dance,Energy,Learning,Performance
Shell Collecting,Indoor,Relaxing,Learning,Social,Hobby,Focus,Casual,Nature,Fun
Hoop Toss,Outdoor,Fun,Social,Casual,Skill-based,Exercise,Active,Leisure,Group
Provolone Making,Indoor,Creative,Food,Hands-on,Learning,Tasty,Social,Skills,Culinary
Disco Skate Dance,Indoor,Music,Exercise,Fun,Social,Dance,Energy,Retro,Performance
Pebble Collecting,Indoor,Relaxing,Learning,Social,Hobby,Focus,Casual,Nature,Fun
Rope Toss,Outdoor,Fun,Social,Casual,Skill-based,Exercise,Active,Leisure,Group
Adaptive Tennis,Outdoor,Sport,Competitive,Exercise,Active,Fun,Skill-based,Social,Challenge
Rose Petal Crafting,Indoor,Creative,Hands-on,Relaxing,Learning,Skills,Artistic,Social,Scent
Swamp Buggy Racing,Outdoor,Adventure,Competitive,Thrilling,Speed,Active,Mud,Challenge,Fun
Pilates Class,Indoor,Exercise,Fitness,Relaxing,Health,Stretching,Calm,Social,Strength
Hydro Speeding,Outdoor,Water,Adventure,Thrilling,Speed,Active,Fun,Sport,Challenge
Watercolor Painting,Indoor,Creative,Hands-on,Learning,Artistic,Relaxing,Skills,Social,Colorful
Ox Cart Racing,Outdoor,Adventure,Exercise,Competitive,Animals,Thrilling,Scenic,Unique,Speed
Smoothie Mixing,Indoor,Creative,Drinks,Learning,Social,Tasty,Fun,Skills,Health
Gravel Biking,Outdoor,Sport,Exercise,Adventure,Active,Challenge,Trail,Endurance,Nature
Inflatable Obstacle Course,Indoor,Fun,Exercise,Active,Thrilling,Team,Challenge,Social,Laughter
Eagle Spotting,Outdoor,Nature,Relaxing,Learning,Animals,Scenic,Focus,Exploration,Wildlife
Tie Dye T-Shirts,Indoor,Creative,Hands-on,Fun,Artistic,Social,Relaxing,Skills,Colorful
Stunt Flying,Outdoor,Adventure,Thrilling,Flying,Exercise,Active,Scenic,Extreme,Skill-based
Herbal Sachet Making,Indoor,Creative,Hands-on,Relaxing,Learning,Skills,Artistic,Social,Scent
Bubble Blowing Contest,Indoor,Fun,Social,Creative,Entertainment,Laughter,Casual,Challenge,Play
Succulent Planting,Indoor,Nature,Relaxing,Creative,Hands-on,Learning,Skills,Social,Calm
Aqua Zorbing,Outdoor,Water,Adventure,Thrilling,Exercise,Active,Fun,Rolling,Unique
Cardboard Sculpting,Indoor,Creative,Hands-on,Learning,Skills,Artistic,Social,Relaxing,Upcycling
Ski Jumping,Outdoor,Sport,Thrilling,Exercise,Active,Scenic,Winter,Challenge,Adventure
Nectar Tasting,Indoor,Food,Social,Tasty,Learning,Relaxing,Entertainment,Casual,Drinks
Street Basketball,Outdoor,Sport,Competitive,Exercise,Active,Fun,Urban,Casual,Energy
Vine Weaving,Indoor,Creative,Hands-on,Learning,Skills,Artistic,Social,Relaxing,Nature
Snow Rolling,Outdoor,Adventure,Snow,Fun,Exercise,Active,Scenic,Winter,Play
Pretzel Twisting,Indoor,Creative,Food,Hands-on,Learning,Tasty,Social,Skills,Culinary
River Tracing,Outdoor,Adventure,Nature,Exercise,Thrilling,Water,Scenic,Challenge,Active
Tape Mixing Night,Indoor,Music,Relaxing,Social,Entertainment,Retro,Fun,Casual,Vibes
Water Kite Flying,Outdoor,Water,Fun,Exercise,Active,Wind,Scenic,Sport,Challenge
Puppet Animation,Indoor,Creative,Hands-on,Learning,Skills,Artistic,Social,Fun,Storytelling
Dragster Racing,Outdoor,Sport,Competitive,Thrilling,Speed,Active,Challenge,Adventure,Tech
Gratitude Meditation,Indoor,Relaxing,Health,Calm,Wellness,Meditation,Quiet,Social,Focus
Beach Rugby,Outdoor,Sport,Team,Competitive,Exercise,Active,Fun,Sand,Energy
Twine Crafting,Indoor,Creative,Hands-on,Learning,Skills,Relaxing,Social,Practical,Craft
Ridge Hiking,Outdoor,Adventure,Nature,Exercise,Thrilling,Scenic,Challenge,Active,Exploration
Agave Tasting,Indoor,Food,Social,Tasty,Learning,Relaxing,Entertainment,Casual,Drinks
Balcony Yoga,Outdoor,Exercise,Fitness,Relaxing,Health,Meditation,Calm,Scenic,Social
Leather Stitching,Indoor,Creative,Hands-on,Learning,Skills,Artistic,Social,Relaxing,Craft
Snow Drifting,Outdoor,Adventure,Snow,Fun,Thrilling,Active,Scenic,Winter,Play
Bun Baking,Indoor,Creative,Food,Hands-on,Learning,Tasty,Social,Skills,Culinary
Boulder Hopping,Outdoor,Adventure,Nature,Exercise,Thrilling,Scenic,Challenge,Active,Exploration
Retro Arcade Night,Indoor,Fun,Social,Entertainment,Games,Relaxing,Tech,Nostalgia,Challenge
Wave Skimming,Outdoor,Water,Adventure,Exercise,Active,Fun,Sport,Beach,Skill-based
Copper Engraving,Indoor,Creative,Hands-on,Learning,Skills,Artistic,Social,Relaxing,Craft
Hill Rally,Outdoor,Sport,Competitive,Thrilling,Speed,Active,Challenge,Adventure,Nature
Chanting Session,Indoor,Relaxing,Health,Calm,Wellness,Meditation,Quiet,Social,Sound
Frisbee Relay,Outdoor,Sport,Team,Fun,Exercise,Active,Casual,Energy,Social
Hemp Weaving,Indoor,Creative,Hands-on,Learning,Skills,Artistic,Social,Relaxing,Craft
Snow Skimming,Outdoor,Adventure,Snow,Thrilling,Exercise,Active,Scenic,Winter,Fun
Chili Tasting,Indoor,Food,Social,Tasty,Learning,Relaxing,Entertainment,Casual,Spicy
Freestyle Rap Battle,Outdoor,Music,Competitive,Fun,Social,Performance,Energy,Creative,Challenge
Reed Sculpting,Indoor,Creative,Hands-on,Learning,Skills,Artistic,Social,Relaxing,Nature
Kiteboard Jumping,Outdoor,Water,Adventure,Thrilling,Exercise,Active,Sport,Fun,Wind
Cake Icing,Indoor,Creative,Food,Hands-on,Learning,Tasty,Social,Skills,Fun
Ice Surfing,Outdoor,Adventure,Snow,Thrilling,Speed,Active,Winter,Scenic,Challenge
Blanket Knitting,Indoor,Creative,Hands-on,Learning,Skills,Artistic,Social,Relaxing,Craft
Pony Trekking,Outdoor,Adventure,Nature,Exercise,Exploration,Scenic,Animals,Active,Fun
Pot Lid Crafting,Indoor,Creative,Hands-on,Learning,Skills,Artistic,Social,Relaxing,Culinary
Pig Herding,Outdoor,Nature,Exercise,Team,Active,Animals,Challenge,Fun,Skill-based
Candy Bar Making,Indoor,Creative,Food,Hands-on,Learning,Tasty,Social,Skills,Culinary
Puppy Yoga,Outdoor,Exercise,Relaxing,Fun,Health,Meditation,Animals,Social,Nature
Bell Crafting,Indoor,Creative,Hands-on,Learning,Skills,Artistic,Social,Relaxing,Sound
Frost Polo,Outdoor,Sport,Team,Competitive,Exercise,Active,Fun,Winter,Horses
Alfredo Sauce Making,Indoor,Creative,Food,Hands-on,Learning,Tasty,Social,Skills,Culinary
Zebra Safari,Outdoor,Adventure,Nature,Exercise,Exploration,Scenic,Animals,Active,Unique
Envelope Crafting,Indoor,Creative,Hands-on,Learning,Skills,Artistic,Social,Relaxing,Fun
Frost Kiting,Outdoor,Adventure,Snow,Thrilling,Exercise,Active,Speed,Winter,Wind
Gumdrop Making,Indoor,Creative,Food,Hands-on,Learning,Tasty,Social,Skills,Culinary
Yard Quoits,Outdoor,Fun,Social,Casual,Skill-based,Exercise,Active,Leisure,Group
Jar Crafting,Indoor,Creative,Hands-on,Learning,Skills,Artistic,Social,Relaxing,Upcycling
Kayak Polo,Outdoor,Water,Team,Competitive,Exercise,Active,Sport,Fun,Challenge
Breadstick Baking,Indoor,Creative,Food,Hands-on,Learning,Tasty,Social,Skills,Culinary
Bison Hiking,Outdoor,Adventure,Nature,Exercise,Exploration,Scenic,Animals,Active,Fun
Paper Folding Art,Indoor,Creative,Hands-on,Learning,Skills,Artistic,Social,Relaxing,Precision
Frost Dodgeball,Outdoor,Sport,Team,Competitive,Exercise,Active,Fun,Winter,Social
Sake Tasting,Indoor,Food,Social,Tasty,Learning,Relaxing,Entertainment,Casual,Drinks
Cardio Kickboxing,Indoor,Exercise,Fun,Active,Social,Fitness,Energy,Challenge,Strength
Vase Painting,Indoor,Creative,Hands-on,Learning,Skills,Artistic,Social,Relaxing,Craft
Pond Hockey,Outdoor,Sport,Team,Competitive,Exercise,Active,Fun,Winter,Challenge
Gin Tasting,Indoor,Food,Social,Tasty,Learning,Relaxing,Entertainment,Casual,Drinks
Tap Dance Jam,Indoor,Music,Exercise,Fun,Social,Dance,Energy,Learning,Performance
Frame Crafting,Indoor,Creative,Hands-on,Learning,Skills,Artistic,Social,Relaxing,Craft
Rodeo Racing,Outdoor,Sport,Competitive,Exercise,Thrilling,Active,Fun,Horses,Challenge
Sugar Crafting,Indoor,Creative,Food,Hands-on,Learning,Tasty,Social,Skills,Fun
Water Balloon Fight,Outdoor,Fun,Social,Competitive,Active,Team,Laughter,Challenge,Summer
String Crafting,Indoor,Creative,Hands-on,Learning,Skills,Artistic,Social,Relaxing,Jewelry
Ice Soccer,Outdoor,Sport,Team,Competitive,Exercise,Active,Fun,Winter,Energy
Nut Roasting,Outdoor,Food,Social,Tasty,Relaxing,Fun,Fire,Casual,Outdoor
Folk Dancing,Indoor,Music,Exercise,Fun,Social,Dance,Energy,Learning,Culture
Sand Collecting,Outdoor,Nature,Relaxing,Exploration,Fun,Scenic,Active,Hobby,Social
Tin Can Drumming,Outdoor,Music,Fun,Social,Creative,Energy,Performance,Active,Rhythm
Yogurt Cheese Making,Indoor,Creative,Food,Hands-on,Learning,Tasty,Social,Skills,Culinary
Ballet Jam,Indoor,Music,Exercise,Fun,Social,Dance,Energy,Learning,Grace
Button Collecting,Indoor,Relaxing,Learning,Social,Hobby,Focus,Casual,History,Fun
Putt-Putt Golfing,Indoor,Sport,Fun,Casual,Group,Skill-based,Leisure,Challenge,Social
Salsa Crafting,Indoor,Creative,Food,Hands-on,Learning,Tasty,Social,Skills,Culinary
Line Dance Party,Indoor,Music,Exercise,Fun,Social,Dance,Energy,Learning,Group
Pencil Collecting,Indoor,Relaxing,Learning,Social,Hobby,Focus,Casual,History,Fun
Sandbag Toss,Outdoor,Fun,Social,Casual,Skill-based,Exercise,Active,Leisure,Group
Cream Cheese Making,Indoor,Creative,Food,Hands-on,Learning,Tasty,Social,Skills,Culinary
Step Dance Show,Indoor,Music,Exercise,Fun,Social,Dance,Energy,Learning,Performance
Eraser Collecting,Indoor,Relaxing,Learning,Social,Hobby,Focus,Casual,Memories,Fun
Brick Stacking,Outdoor,Fun,Team,Competitive,Exercise,Active,Challenge,Balancing,Social
Butter Cheese Making,Indoor,Creative,Food,Hands-on,Learning,Tasty,Social,Skills,Culinary
Clog Dance Night,Indoor,Music,Exercise,Fun,Social,Dance,Energy,Learning,Performance
Pen Collecting,Indoor,Relaxing,Learning,Social,Hobby,Focus,Casual,Memories,Fun
Block Toss,Outdoor,Fun,Social,Casual,Skill-based,Exercise,Active,Leisure,Group
Goat Cheese Making,Indoor,Creative,Food,Hands-on,Learning,Tasty,Social,Skills,Culinary
Reel Dance Party,Indoor,Music,Exercise,Fun,Social,Dance,Energy,Learning,Performance
Marker Collecting,Indoor,Relaxing,Learning,Social,Hobby,Focus,Casual,Memories,Fun
Plank Stacking,Outdoor,Fun,Team,Competitive,Exercise,Active,Challenge,Balancing,Social
Blue Cheese Making,Indoor,Creative,Food,Hands-on,Learning,Tasty,Social,Skills,Culinary
Jig Dance Jam,Indoor,Music,Exercise,Fun,Social,Dance,Energy,Learning,Performance
Crayon Collecting,Indoor,Relaxing,Learning,Social,Hobby,Focus,Casual,Memories,Fun
Log Tossing,Outdoor,Fun,Social,Casual,Skill-based,Exercise,Active,Leisure,Group
Edam Making,Indoor,Creative,Food,Hands-on,Learning,Tasty,Social,Skills,Culinary
Hornpipe Dance,Indoor,Music,Exercise,Fun,Social,Dance,Energy,Learning,Performance
Notebook Collecting,Indoor,Relaxing,Learning,Social,Hobby,Focus,Casual,Memories,Fun
Stone Skipping,Outdoor,Fun,Social,Casual,Skill-based,Exercise,Active,Leisure,Water
Havarti Making,Indoor,Creative,Food,Hands-on,Learning,Tasty,Social,Skills,Culinary
Morris Dance Night,Indoor,Music,Exercise,Fun,Social,Dance,Energy,Learning,Performance
Ruler Collecting,Indoor,Relaxing,Learning,Social,Hobby,Focus,Casual,Memories,Fun
Pebble Toss,Outdoor,Fun,Social,Casual,Skill-based,Exercise,Active,Leisure,Group
Monterey Jack Making,Indoor,Creative,Food,Hands-on,Learning,Tasty,Social,Skills,Culinary
Ceilidh Dance Party,Indoor,Music,Exercise,Fun,Social,Dance,Energy,Learning,Group
Tape Collecting,Indoor,Relaxing,Learning,Social,Hobby,Focus,Casual,Memories,Fun
Twig Toss,Outdoor,Fun,Social,Casual,Skill-based,Exercise,Active,Leisure,Group
Colby Making,Indoor,Creative,Food,Hands-on,Learning,Tasty,Social,Skills,Culinary
Barn Dance Night,Indoor,Music,Exercise,Fun,Social,Dance,Energy,Learning,Group
Clip Collecting,Indoor,Relaxing,Learning,Social,Hobby,Focus,Casual,Memories,Fun
Leaf Toss,Outdoor,Fun,Social,Casual,Skill-based,Exercise,Active,Leisure,Group
Pepper Jack Making,Indoor,Creative,Food,Hands-on,Learning,Tasty,Social,Skills,Culinary
Cajun Dance Jam,Indoor,Music,Exercise,Fun,Social,Dance,Energy,Learning,Performance
Band Collecting,Indoor,Relaxing,Learning,Social,Hobby,Focus,Casual,Memories,Fun
Pine Toss,Outdoor,Fun,Social,Casual,Skill-based,Exercise,Active,Leisure,Group
Gruyere Making,Indoor,Creative,Food,Hands-on,Learning,Tasty,Social,Skills,Culinary
Zydeco Dance Party,Indoor,Music,Exercise,Fun,Social,Dance,Energy,Learning,Performance
Tag Collecting,Indoor,Relaxing,Learning,Social,Hobby,Focus,Casual,Memories,Fun
Acorn Toss,Outdoor,Fun,Social,Casual,Skill-based,Exercise,Active,Leisure,Group
Manchego Making,Indoor,Creative,Food,Hands-on,Learning,Tasty,Social,Skills,Culinary
Bhangra Dance Night,Indoor,Music,Exercise,Fun,Social,Dance,Energy,Learning,Performance
Label Collecting,Indoor,Relaxing,Learning,Social,Hobby,Focus,Casual,Memories,Fun
Cone Toss,Outdoor,Fun,Social,Casual,Skill-based,Exercise,Active,Leisure,Group
Pecorino Making,Indoor,Creative,Food,Hands-on,Learning,Tasty,Social,Skills,Culinary
Kathak Dance Jam,Indoor,Music,Exercise,Fun,Social,Dance,Energy,Learning,Performance
Wrapper Collecting,Indoor,Relaxing,Learning,Social,Hobby,Focus,Casual,Memories,Fun
Cup Stacking,Outdoor,Fun,Team,Competitive,Exercise,Active,Challenge,Balancing,Social
Asiago Making,Indoor,Creative,Food,Hands-on,Learning,Tasty,Social,Skills,Culinary
Bharatanatyam Dance,Indoor,Music,Exercise,Fun,Social,Dance,Energy,Learning,Performance
Box Collecting,Indoor,Relaxing,Learning,Social,Hobby,Focus,Casual,Memories,Fun
Bottle Cap Toss,Outdoor,Fun,Social,Casual,Skill-based,Exercise,Active,Leisure,Group
Romano Making,Indoor,Creative,Food,Hands-on,Learning,Tasty,Social,Skills,Culinary
Odissi Dance Night,Indoor,Music,Exercise,Fun,Social,Dance,Energy,Learning,Performance
Jar Collecting,Indoor,Relaxing,Learning,Social,Hobby,Focus,Casual,Memories,Fun
Tin Can Toss,Outdoor,Fun,Social,Casual,Skill-based,Exercise,Active,Leisure,Group
Fontina Making,Indoor,Creative,Food,Hands-on,Learning,Tasty,Social,Skills,Culinary
Kuchipudi Dance Jam,Indoor,Music,Exercise,Fun,Social,Dance,Energy,Learning,Performance
Lid Collecting,Indoor,Relaxing,Learning,Social,Hobby,Focus,Casual,Memories,Fun
Sock Toss,Outdoor,Fun,Social,Casual,Skill-based,Exercise,Active,Leisure,Group
Ricotta Salata Making,Indoor,Creative,Food,Hands-on,Learning,Tasty,Social,Skills,Culinary
Manipuri Dance Party,Indoor,Music,Exercise,Fun,Social,Dance,Energy,Learning,Performance
Cap Collecting,Indoor,Relaxing,Learning,Social,Hobby,Focus,Casual,Memories,Fun
Shoe Toss,Outdoor,Fun,Social,Casual,Skill-based,Exercise,Active,Leisure,Group
Cotija Making,Indoor,Creative,Food,Hands-on,Learning,Tasty,Social,Skills,Culinary
Mohiniyattam Dance,Indoor,Music,Exercise,Fun,Social,Dance,Energy,Learning,Performance
Bag Collecting,Indoor,Relaxing,Learning,Social,Hobby,Focus,Casual,Memories,Fun
Hat Toss,Outdoor,Fun,Social,Casual,Skill-based,Exercise,Active,Leisure,Group
Queso Fresco Making,Indoor,Creative,Food,Hands-on,Learning,Tasty,Social,Skills,Culinary
Sattriya Dance Night,Indoor,Music,Exercise,Fun,Social,Dance,Energy,Learning,Performance
Ribbon Collecting,Indoor,Relaxing,Learning,Social,Hobby,Focus,Casual,Memories,Fun
Glove Toss,Outdoor,Fun,Social,Casual,Skill-based,Exercise,Active,Leisure,Group
Paneer Tikka Making,Indoor,Creative,Food,Hands-on,Learning,Tasty,Social,Skills,Culinary
Garba Dance Party,Indoor,Music,Exercise,Fun,Social,Dance,Energy,Learning,Performance
Thread Collecting,Indoor,Relaxing,Learning,Social,Hobby,Focus,Casual,Memories,Fun
Scarf Toss,Outdoor,Fun,Social,Casual,Skill-based,Exercise,Active,Leisure,Group
Chenna Making,Indoor,Creative,Food,Hands-on,Learning,Tasty,Social,Skills,Culinary
Dandiya Dance Jam,Indoor,Music,Exercise,Fun,Social,Dance,Energy,Learning,Performance
Pinch Collecting,Indoor,Relaxing,Learning,Social,Hobby,Focus,Casual,Memories,Fun
Mitten Toss,Outdoor,Fun,Social,Casual,Skill-based,Exercise,Active,Leisure,Group
Khoya Making,Indoor,Creative,Food,Hands-on,Learning,Tasty,Social,Skills,Culinary
Lavani Dance Night,Indoor,Music,Exercise,Fun,Social,Dance,Energy,Learning,Performance
Clasp Collecting,Indoor,Relaxing,Learning,Social,Hobby,Focus,Casual,Memories,Fun
Belt Toss,Outdoor,Fun,Social,Casual,Skill-based,Exercise,Active,Leisure,Group
Wheelchair Rugby,Indoor,Sport,Competitive,Exercise,Team,Active,Fun,Challenge,Strength
Pine Needle Crafting,Indoor,Creative,Hands-on,Relaxing,Learning,Skills,Artistic,Social,Nature
Mud Bogging,Outdoor,Adventure,Competitive,Thrilling,Speed,Active,Mud,Challenge,Fun
Barre Fitness,Indoor,Exercise,Fitness,Relaxing,Health,Stretching,Calm,Social,Grace
Jet Boating,Outdoor,Water,Adventure,Thrilling,Speed,Active,Fun,Sport,Challenge
Acrylic Painting,Indoor,Creative,Hands-on,Learning,Artistic,Relaxing,Skills,Social,Colorful
Bull Cart Racing,Outdoor,Adventure,Exercise,Competitive,Animals,Thrilling,Scenic,Unique,Speed
Infusion Brewing,Indoor,Creative,Drinks,Learning,Social,Tasty,Fun,Skills,Refreshments
Trail Running,Outdoor,Sport,Exercise,Adventure,Active,Challenge,Trail,Endurance,Nature
Bounce Boot Camp,Indoor,Fun,Exercise,Active,Thrilling,Team,Challenge,Social,Fitness
Osprey Watching,Outdoor,Nature,Relaxing,Learning,Animals,Scenic,Focus,Exploration,Wildlife
Burlap Painting,Indoor,Creative,Hands-on,Fun,Artistic,Social,Relaxing,Skills,Texture
Barrel Flying,Outdoor,Adventure,Thrilling,Flying,Exercise,Active,Scenic,Extreme,Challenge
Spice Sachet Making,Indoor,Creative,Hands-on,Relaxing,Learning,Skills,Artistic,Social,Scent
Silly String Fight,Indoor,Fun,Social,Active,Entertainment,Laughter,Thrilling,Casual,Play
Fern Planting,Indoor,Nature,Relaxing,Creative,Hands-on,Learning,Skills,Social,Calm
Water Jetpacking,Outdoor,Water,Adventure,Thrilling,Exercise,Active,Flying,Sport,Fun
Foam Sculpting,Indoor,Creative,Hands-on,Learning,Skills,Artistic,Social,Relaxing,Fun
Snow Halfpipe,Outdoor,Sport,Thrilling,Exercise,Active,Scenic,Winter,Challenge,Adventure
Cordial Tasting,Indoor,Food,Social,Tasty,Learning,Relaxing,Entertainment,Casual,Drinks
Alley Soccer,Outdoor,Sport,Competitive,Exercise,Active,Fun,Urban,Casual,Energy
Straw Plaiting,Indoor,Creative,Hands-on,Learning,Skills,Artistic,Social,Relaxing,Craft
Snow Sliding,Outdoor,Adventure,Snow,Fun,Exercise,Active,Scenic,Winter,Play
Bagel Twisting,Indoor,Creative,Food,Hands-on,Learning,Tasty,Social,Skills,Culinary
Creek Wading,Outdoor,Adventure,Nature,Exercise,Thrilling,Water,Scenic,Challenge,Active
Cassette Rewind Night,Indoor,Music,Relaxing,Social,Entertainment,Retro,Fun,Casual,Vibes
Paddle Jumping,Outdoor,Water,Fun,Exercise,Active,Thrilling,Sport,Scenic,Challenge
Shadow Puppetry,Indoor,Creative,Hands-on,Learning,Skills,Artistic,Social,Fun,Storytelling
Sprint Car Racing,Outdoor,Sport,Competitive,Thrilling,Speed,Active,Challenge,Adventure,Dirt
Zen Garden Raking,Indoor,Relaxing,Health,Calm,Wellness,Meditation,Quiet,Social,Focus
Shore Volleyball,Outdoor,Sport,Team,Competitive,Exercise,Active,Fun,Sand,Energy
Yarn Spinning,Indoor,Creative,Hands-on,Learning,Skills,Relaxing,Social,Practical,Craft
Peak Climbing,Outdoor,Adventure,Nature,Exercise,Thrilling,Scenic,Challenge,Active,Exploration
Mead Tasting,Indoor,Food,Social,Tasty,Learning,Relaxing,Entertainment,Casual,Drinks
Rooftop Pilates,Outdoor,Exercise,Fitness,Relaxing,Health,Stretching,Calm,Scenic,Social
Canvas Stretching,Indoor,Creative,Hands-on,Learning,Skills,Artistic,Social,Relaxing,Craft
Snow Gliding,Outdoor,Adventure,Snow,Fun,Thrilling,Active,Scenic,Winter,Play
Roll Baking,Indoor,Creative,Food,Hands-on,Learning,Tasty,Social,Skills,Culinary
Ravine Crossing,Outdoor,Adventure,Nature,Exercise,Thrilling,Scenic,Challenge,Active,Exploration
Console Game Night,Indoor,Fun,Social,Entertainment,Games,Relaxing,Tech,Nostalgia,Challenge
Shore Skimming,Outdoor,Water,Adventure,Exercise,Active,Fun,Sport,Beach,Skill-based
Tin Embossing,Indoor,Creative,Hands-on,Learning,Skills,Artistic,Social,Relaxing,Craft
Slope Rally,Outdoor,Sport,Competitive,Thrilling,Speed,Active,Challenge,Adventure,Nature
Vibration Therapy,Indoor,Relaxing,Health,Calm,Wellness,Meditation,Quiet,Social,Healing
Disc Toss Relay,Outdoor,Sport,Team,Fun,Exercise,Active,Casual,Energy,Social
Twist Weaving,Indoor,Creative,Hands-on,Learning,Skills,Artistic,Social,Relaxing,Craft
Snow Scooting,Outdoor,Adventure,Snow,Thrilling,Exercise,Active,Scenic,Winter,Fun
Pepper Tasting,Indoor,Food,Social,Tasty,Learning,Relaxing,Entertainment,Casual,Spicy
Spoken Word Slam,Outdoor,Music,Competitive,Fun,Social,Performance,Energy,Creative,Expression
Bamboo Sculpting,Indoor,Creative,Hands-on,Learning,Skills,Artistic,Social,Relaxing,Nature
Windboard Jumping,Outdoor,Water,Adventure,Thrilling,Exercise,Active,Sport,Fun,Wind
Pie Crust Decorating,Indoor,Creative,Food,Hands-on,Learning,Tasty,Social,Skills,Fun
Frost Surfing,Outdoor,Adventure,Snow,Thrilling,Speed,Active,Winter,Scenic,Challenge
Shawl Knitting,Indoor,Creative,Hands-on,Learning,Skills,Artistic,Social,Relaxing,Craft
Foal Trekking,Outdoor,Adventure,Nature,Exercise,Exploration,Scenic,Animals,Active,Fun
Skillet Crafting,Indoor,Creative,Hands-on,Learning,Skills,Artistic,Social,Relaxing,Culinary
Goose Herding,Outdoor,Nature,Exercise,Team,Active,Animals,Challenge,Fun,Skill-based
Chocolate Bar Crafting,Indoor,Creative,Food,Hands-on,Learning,Tasty,Social,Skills,Culinary
Kitten Yoga,Outdoor,Exercise,Relaxing,Fun,Health,Meditation,Animals,Social,Nature
Chime Crafting,Indoor,Creative,Hands-on,Learning,Skills,Artistic,Social,Relaxing,Sound
Snow Rugby,Outdoor,Sport,Team,Competitive,Exercise,Active,Fun,Winter,Energy
Bolognese Making,Indoor,Creative,Food,Hands-on,Learning,Tasty,Social,Skills,Culinary
Giraffe Spotting,Outdoor,Adventure,Nature,Exercise,Exploration,Scenic,Animals,Active,Unique
Tag Crafting,Indoor,Creative,Hands-on,Learning,Skills,Artistic,Social,Relaxing,Fun
Snow Windboarding,Outdoor,Adventure,Snow,Thrilling,Exercise,Active,Speed,Winter,Wind
Jellybean Making,Indoor,Creative,Food,Hands-on,Learning,Tasty,Social,Skills,Culinary
Garden Horseshoes,Outdoor,Fun,Social,Casual,Skill-based,Exercise,Active,Leisure,Group
Tube Crafting,Indoor,Creative,Hands-on,Learning,Skills,Artistic,Social,Relaxing,Upcycling
Rowboat Relay,Outdoor,Water,Team,Competitive,Exercise,Active,Sport,Fun,Challenge
Cracker Baking,Indoor,Creative,Food,Hands-on,Learning,Tasty,Social,Skills,Culinary
Moose Tracking,Outdoor,Adventure,Nature,Exercise,Exploration,Scenic,Animals,Active,Fun
Paper Lantern Making,Indoor,Creative,Hands-on,Learning,Skills,Artistic,Social,Relaxing,Light
Snow Tag,Outdoor,Sport,Team,Competitive,Exercise,Active,Fun,Winter,Social
Tequila Tasting,Indoor,Food,Social,Tasty,Learning,Relaxing,Entertainment,Casual,Drinks
Dance Aerobics,Indoor,Exercise,Fun,Active,Social,Fitness,Energy,Music,Group
Bowl Painting,Indoor,Creative,Hands-on,Learning,Skills,Artistic,Social,Relaxing,Craft
Lake Hockey,Outdoor,Sport,Team,Competitive,Exercise,Active,Fun,Winter,Challenge
Vodka Tasting,Indoor,Food,Social,Tasty,Learning,Relaxing,Entertainment,Casual,Drinks
Clap Dance Jam,Indoor,Music,Exercise,Fun,Social,Dance,Energy,Learning,Performance
Shelf Crafting,Indoor,Creative,Hands-on,Learning,Skills,Artistic,Social,Relaxing,Craft
Steer Wrestling,Outdoor,Sport,Competitive,Exercise,Thrilling,Active,Fun,Animals,Challenge
Frosting Crafting,Indoor,Creative,Food,Hands-on,Learning,Tasty,Social,Skills,Fun
Splash Fight,Outdoor,Fun,Social,Competitive,Active,Team,Laughter,Challenge,Summer
Kite Crafting,Indoor,Creative,Hands-on,Learning,Skills,Artistic,Social,Relaxing,Flying
Ice Volleyball,Outdoor,Sport,Team,Competitive,Exercise,Active,Fun,Winter,Social
Seed Roasting,Outdoor,Food,Social,Tasty,Relaxing,Fun,Fire,Casual,Outdoor
Step Aerobics,Indoor,Exercise,Fun,Active,Social,Fitness,Energy,Music,Group
Petal Collecting,Outdoor,Nature,Relaxing,Exploration,Fun,Scenic,Active,Hobby,Social
Cardboard Drumming,Outdoor,Music,Fun,Social,Creative,Energy,Performance,Active,Rhythm
Cottage Cheese Making,Indoor,Creative,Food,Hands-on,Learning,Tasty,Social,Skills,Culinary
Lyrical Dance,Indoor,Music,Exercise,Fun,Social,Dance,Energy,Learning,Expression
Rock Collecting,Indoor,Relaxing,Learning,Social,Hobby,Focus,Casual,History,Fun
Tabletop Golfing,Indoor,Sport,Fun,Casual,Group,Skill-based,Leisure,Challenge,Social
Dip Crafting,Indoor,Creative,Food,Hands-on,Learning,Tasty,Social,Skills,Culinary
Circle Dance Party,Indoor,Music,Exercise,Fun,Social,Dance,Energy,Learning,Group
Stone Collecting,Indoor,Relaxing,Learning,Social,Hobby,Focus,Casual,History,Fun
Sack Toss,Outdoor,Fun,Social,Casual,Skill-based,Exercise,Active,Leisure,Group
Curd Cheese Making,Indoor,Creative,Food,Hands-on,Learning,Tasty,Social,Skills,Culinary
Bounce Dance Night,Indoor,Music,Exercise,Fun,Social,Dance,Energy,Learning,Performance
Pebble Collecting,Indoor,Relaxing,Learning,Social,Hobby,Focus,Casual,Memories,Fun
Barrel Stacking,Outdoor,Fun,Team,Competitive,Exercise,Active,Challenge,Balancing,Social
Farmer Cheese Making,Indoor,Creative,Food,Hands-on,Learning,Tasty,Social,Skills,Culinary
Rhythm Dance Jam,Indoor,Music,Exercise,Fun,Social,Dance,Energy,Learning,Performance
Leaf Collecting,Indoor,Relaxing,Learning,Social,Hobby,Focus,Casual,Memories,Fun
Cask Toss,Outdoor,Fun,Social,Casual,Skill-based,Exercise,Active,Leisure,Group
Skyr Making,Indoor,Creative,Food,Hands-on,Learning,Tasty,Social,Skills,Culinary
Pulse Dance Party,Indoor,Music,Exercise,Fun,Social,Dance,Energy,Learning,Performance
Twig Collecting,Indoor,Relaxing,Learning,Social,Hobby,Focus,Casual,Memories,Fun
Keg Stacking,Outdoor,Fun,Team,Competitive,Exercise,Active,Challenge,Balancing,Social
Quark Making,Indoor,Creative,Food,Hands-on,Learning,Tasty,Social,Skills,Culinary
Groove Dance Night,Indoor,Music,Exercise,Fun,Social,Dance,Energy,Learning,Performance
Cone Collecting,Indoor,Relaxing,Learning,Social,Hobby,Focus,Casual,Memories,Fun
Pipe Toss,Outdoor,Fun,Social,Casual,Skill-based,Exercise,Active,Leisure,Group
Fromage Blanc Making,Indoor,Creative,Food,Hands-on,Learning,Tasty,Social,Skills,Culinary
Flow Dance Jam,Indoor,Music,Exercise,Fun,Social,Dance,Energy,Learning,Performance
Acorn Collecting,Indoor,Relaxing,Learning,Social,Hobby,Focus,Casual,Memories,Fun
Rod Toss,Outdoor,Fun,Social,Casual,Skill-based,Exercise,Active,Leisure,Group
Chevre Making,Indoor,Creative,Food,Hands-on,Learning,Tasty,Social,Skills,Culinary
Vibe Dance Party,Indoor,Music,Exercise,Fun,Social,Dance,Energy,Learning,Performance
Bark Collecting,Indoor,Relaxing,Learning,Social,Hobby,Focus,Casual,Memories,Fun
Pole Toss,Outdoor,Fun,Social,Casual,Skill-based,Exercise,Active,Leisure,Group
Boursin Making,Indoor,Creative,Food,Hands-on,Learning,Tasty,Social,Skills,Culinary
Wave Dance Night,Indoor,Music,Exercise,Fun,Social,Dance,Energy,Learning,Performance
Moss Collecting,Indoor,Relaxing,Learning,Social,Hobby,Focus,Casual,Memories,Fun
Beam Toss,Outdoor,Fun,Social,Casual,Skill-based,Exercise,Active,Leisure,Group
Neufchatel Making,Indoor,Creative,Food,Hands-on,Learning,Tasty,Social,Skills,Culinary
Drift Dance Jam,Indoor,Music,Exercise,Fun,Social,Dance,Energy,Learning,Performance
Vine Collecting,Indoor,Relaxing,Learning,Social,Hobby,Focus,Casual,Memories,Fun
Plank Toss,Outdoor,Fun,Social,Casual,Skill-based,Exercise,Active,Leisure,Group
Stool Hockey,Indoor,Sport,Competitive,Exercise,Team,Active,Fun,Challenge,Quick
Dried Flower Arranging,Indoor,Creative,Hands-on,Relaxing,Learning,Skills,Artistic,Social,Nature
Marsh Karting,Outdoor,Adventure,Competitive,Thrilling,Speed,Active,Mud,Challenge,Fun
Zumba Step,Indoor,Exercise,Fun,Active,Social,Dance,Fitness,Energy,Music
River Jet Skiing,Outdoor,Water,Adventure,Thrilling,Speed,Active,Fun,Sport,Challenge
Gouache Painting,Indoor,Creative,Hands-on,Learning,Artistic,Relaxing,Skills,Social,Colorful
Mule Wagon Racing,Outdoor,Adventure,Exercise,Competitive,Animals,Thrilling,Scenic,Unique,Speed
Herbal Tea Mixing,Indoor,Creative,Drinks,Learning,Social,Tasty,Fun,Skills,Health
Ridge Running,Outdoor,Sport,Exercise,Adventure,Active,Challenge,Trail,Endurance,Nature
Bounce Tag,Indoor,Fun,Exercise,Active,Thrilling,Team,Challenge,Social,Laughter
Vulture Watching,Outdoor,Nature,Relaxing,Learning,Animals,Scenic,Focus,Exploration,Wildlife
Canvas Dyeing,Indoor,Creative,Hands-on,Fun,Artistic,Social,Relaxing,Skills,Colorful
Sky Lantern Launch,Outdoor,Adventure,Relaxing,Flying,Creative,Scenic,Night,Fun,Unique
Mint Sachet Crafting,Indoor,Creative,Hands-on,Relaxing,Learning,Skills,Artistic,Social,Scent
Glow Stick Dance,Indoor,Fun,Social,Active,Entertainment,Dance,Energy,Night,Lights
Cactus Potting,Indoor,Nature,Relaxing,Creative,Hands-on,Learning,Skills,Social,Calm
Lake Jetpacking,Outdoor,Water,Adventure,Thrilling,Exercise,Active,Flying,Sport,Fun
Clay Pinch Pots,Indoor,Creative,Hands-on,Learning,Skills,Artistic,Social,Relaxing,Craft
Snow Slope Tricks,Outdoor,Sport,Thrilling,Exercise,Active,Scenic,Winter,Challenge,Adventure
Syrup Sampling,Indoor,Food,Social,Tasty,Learning,Relaxing,Entertainment,Casual,Sweet
Court Dodgeball,Outdoor,Sport,Competitive,Exercise,Active,Fun,Team,Casual,Energy
Rope Braiding,Indoor,Creative,Hands-on,Learning,Skills,Relaxing,Social,Practical,Craft
Frost Sliding,Outdoor,Adventure,Snow,Fun,Exercise,Active,Scenic,Winter,Play
Pita Baking,Indoor,Creative,Food,Hands-on,Learning,Tasty,Social,Skills,Culinary
Stream Splashing,Outdoor,Adventure,Nature,Exercise,Thrilling,Water,Scenic,Challenge,Active
Walkman Rewind Night,Indoor,Music,Relaxing,Social,Entertainment,Retro,Fun,Casual,Vibes
Pond Skipping,Outdoor,Water,Fun,Exercise,Active,Skill-based,Sport,Scenic,Challenge
Marionette Making,Indoor,Creative,Hands-on,Learning,Skills,Artistic,Social,Fun,Storytelling
Stock Truck Racing,Outdoor,Sport,Competitive,Thrilling,Speed,Active,Challenge,Adventure,Dirt
Silent Meditation,Indoor,Relaxing,Health,Calm,Wellness,Meditation,Quiet,Social,Focus
Dune Volleyball,Outdoor,Sport,Team,Competitive,Exercise,Active,Fun,Sand,Energy
Thread Spooling,Indoor,Creative,Hands-on,Learning,Skills,Relaxing,Social,Practical,Craft
Cliff Scouting,Outdoor,Adventure,Nature,Exercise,Thrilling,Scenic,Challenge,Active,Exploration
Cider Sampling,Indoor,Food,Social,Tasty,Learning,Relaxing,Entertainment,Casual,Drinks
Patio Tai Chi,Outdoor,Exercise,Relaxing,Health,Calm,Meditation,Movement,Scenic,Social
Linen Patching,Indoor,Creative,Hands-on,Learning,Skills,Artistic,Social,Relaxing,Craft
Ice Gliding,Outdoor,Adventure,Snow,Fun,Thrilling,Active,Scenic,Winter,Play
Biscotti Baking,Indoor,Creative,Food,Hands-on,Learning,Tasty,Social,Skills,Culinary
Gully Exploring,Outdoor,Adventure,Nature,Exercise,Thrilling,Scenic,Challenge,Active,Discovery
Joystick Game Night,Indoor,Fun,Social,Entertainment,Games,Relaxing,Tech,Nostalgia,Challenge
Bay Skimming,Outdoor,Water,Adventure,Exercise,Active,Fun,Sport,Beach,Skill-based
Pewter Engraving,Indoor,Creative,Hands-on,Learning,Skills,Artistic,Social,Relaxing,Craft
Meadow Rally,Outdoor,Sport,Competitive,Thrilling,Speed,Active,Challenge,Adventure,Nature
Echo Therapy,Indoor,Relaxing,Health,Calm,Wellness,Meditation,Quiet,Social,Sound
Frisbee Tag,Outdoor,Sport,Team,Fun,Exercise,Active,Casual,Energy,Social
Cord Twisting,Indoor,Creative,Hands-on,Learning,Skills,Artistic,Social,Relaxing,Craft
Frost Scooting,Outdoor,Adventure,Snow,Thrilling,Exercise,Active,Scenic,Winter,Fun
Mustard Sampling,Indoor,Food,Social,Tasty,Learning,Relaxing,Entertainment,Casual,Spicy
Poetry Slam,Outdoor,Music,Competitive,Fun,Social,Performance,Energy,Creative,Expression
Twig Carving,Indoor,Creative,Hands-on,Learning,Skills,Artistic,Social,Relaxing,Nature
Surfboard Leaping,Outdoor,Water,Adventure,Thrilling,Exercise,Active,Sport,Fun,Ocean
Tart Decorating,Indoor,Creative,Food,Hands-on,Learning,Tasty,Social,Skills,Fun
Snow Wave Riding,Outdoor,Adventure,Snow,Thrilling,Speed,Active,Winter,Scenic,Challenge
Cape Knitting,Indoor,Creative,Hands-on,Learning,Skills,Artistic,Social,Relaxing,Craft
Colt Trekking,Outdoor,Adventure,Nature,Exercise,Exploration,Scenic,Animals,Active,Fun
Wok Crafting,Indoor,Creative,Hands-on,Learning,Skills,Artistic,Social,Relaxing,Culinary
Duck Wrangling,Outdoor,Nature,Exercise,Team,Active,Animals,Challenge,Fun,Skill-based
Toffee Crafting,Indoor,Creative,Food,Hands-on,Learning,Tasty,Social,Skills,Culinary
Bunny Yoga,Outdoor,Exercise,Relaxing,Fun,Health,Meditation,Animals,Social,Nature
Horn Crafting,Indoor,Creative,Hands-on,Learning,Skills,Artistic,Social,Relaxing,Sound
Snow Soccer,Outdoor,Sport,Team,Competitive,Exercise,Active,Fun,Winter,Energy
Ragu Making,Indoor,Creative,Food,Hands-on,Learning,Tasty,Social,Skills,Culinary
Lion Tracking,Outdoor,Adventure,Nature,Exercise,Exploration,Scenic,Animals,Active,Unique
Ticket Crafting,Indoor,Creative,Hands-on,Learning,Skills,Artistic,Social,Relaxing,Fun
Frost Boarding,Outdoor,Adventure,Snow,Thrilling,Exercise,Active,Speed,Winter,Wind
Marshmallow Crafting,Indoor,Creative,Food,Hands-on,Learning,Tasty,Social,Skills,Culinary
Lawn Ring Toss,Outdoor,Fun,Social,Casual,Skill-based,Exercise,Active,Leisure,Group
Can Crafting,Indoor,Creative,Hands-on,Learning,Skills,Artistic,Social,Relaxing,Upcycling
Canoe Tag,Outdoor,Water,Team,Competitive,Exercise,Active,Sport,Fun,Challenge
Flatbread Baking,Indoor,Creative,Food,Hands-on,Learning,Tasty,Social,Skills,Culinary
Bear Tracking,Outdoor,Adventure,Nature,Exercise,Exploration,Scenic,Animals,Active,Fun
Paper Kite Making,Indoor,Creative,Hands-on,Learning,Skills,Artistic,Social,Relaxing,Flying
Snow Chase,Outdoor,Sport,Team,Competitive,Exercise,Active,Fun,Winter,Social
Whiskey Sampling,Indoor,Food,Social,Tasty,Learning,Relaxing,Entertainment,Casual,Drinks
Power Walking,Indoor,Exercise,Fun,Active,Social,Fitness,Energy,Challenge,Health
Plate Painting,Indoor,Creative,Hands-on,Learning,Skills,Artistic,Social,Relaxing,Craft
Frost Hockey,Outdoor,Sport,Team,Competitive,Exercise,Active,Fun,Winter,Challenge
Bourbon Sampling,Indoor,Food,Social,Tasty,Learning,Relaxing,Entertainment,Casual,Drinks
Stomp Dance Jam,Indoor,Music,Exercise,Fun,Social,Dance,Energy,Learning,Performance
Box Crafting,Indoor,Creative,Hands-on,Learning,Skills,Artistic,Social,Relaxing,Craft
Calf Roping,Outdoor,Sport,Competitive,Exercise,Thrilling,Active,Fun,Animals,Challenge
Glaze Crafting,Indoor,Creative,Food,Hands-on,Learning,Tasty,Social,Skills,Fun
Water Tag,Outdoor,Fun,Social,Competitive,Active,Team,Laughter,Challenge,Summer
Ribbon Crafting,Indoor,Creative,Hands-on,Learning,Skills,Artistic,Social,Relaxing,Decoration
Ice Basketball,Outdoor,Sport,Team,Competitive,Exercise,Active,Fun,Winter,Energy
Bean Roasting,Outdoor,Food,Social,Tasty,Relaxing,Fun,Fire,Casual,Outdoor
Core Workout,Indoor,Exercise,Fun,Active,Social,Fitness,Energy,Challenge,Strength
Twig Collecting,Outdoor,Nature,Relaxing,Exploration,Fun,Scenic,Active,Hobby,Social
Wooden Spoon Drumming,Outdoor,Music,Fun,Social,Creative,Energy,Performance,Active,Rhythm
Fresh Cheese Making,Indoor,Creative,Food,Hands-on,Learning,Tasty,Social,Skills,Culinary
Modern Dance Night,Indoor,Music,Exercise,Fun,Social,Dance,Energy,Learning,Expression
Feather Collecting,Indoor,Relaxing,Learning,Social,Hobby,Focus,Casual,Memories,Fun
Pocket Golfing,Indoor,Sport,Fun,Casual,Group,Skill-based,Leisure,Challenge,Social
Spread Crafting,Indoor,Creative,Food,Hands-on,Learning,Tasty,Social,Skills,Culinary
Ring Dance Party,Indoor,Music,Exercise,Fun,Social,Dance,Energy,Learning,Group
Cone Collecting,Indoor,Relaxing,Learning,Social,Hobby,Focus,Casual,Memories,Fun
Bag Tossing,Outdoor,Fun,Social,Casual,Skill-based,Exercise,Active,Leisure,Group
Soft Cheese Making,Indoor,Creative,Food,Hands-on,Learning,Tasty,Social,Skills,Culinary
Pulse Dance Night,Indoor,Music,Exercise,Fun,Social,Dance,Energy,Learning,Performance
Bark Collecting,Indoor,Relaxing,Learning,Social,Hobby,Focus,Casual,Memories,Fun
Drum Stacking,Outdoor,Fun,Team,Competitive,Exercise,Active,Challenge,Balancing,Social
Hard Cheese Making,Indoor,Creative,Food,Hands-on,Learning,Tasty,Social,Skills,Culinary
Beat Dance Jam,Indoor,Music,Exercise,Fun,Social,Dance,Energy,Learning,Performance
Vine Collecting,Indoor,Relaxing,Learning,Social,Hobby,Focus,Casual,Memories,Fun
Crate Tossing,Outdoor,Fun,Social,Casual,Skill-based,Exercise,Active,Leisure,Group
Aged Cheese Making,Indoor,Creative,Food,Hands-on,Learning,Tasty,Social,Skills,Culinary
Flow Dance Night,Indoor,Music,Exercise,Fun,Social,Dance,Energy,Learning,Performance
Moss Collecting,Indoor,Relaxing,Learning,Social,Hobby,Focus,Casual,Memories,Fun
Bucket Stacking,Outdoor,Fun,Team,Competitive,Exercise,Active,Challenge,Balancing,Social
Melted Cheese Making,Indoor,Creative,Food,Hands-on,Learning,Tasty,Social,Skills,Culinary
Vibe Dance Jam,Indoor,Music,Exercise,Fun,Social,Dance,Energy,Learning,Performance
Petal Collecting,Indoor,Relaxing,Learning,Social,Hobby,Focus,Casual,Memories,Fun
Tin Stacking,Outdoor,Fun,Team,Competitive,Exercise,Active,Challenge,Balancing,Social
Creamy Cheese Making,Indoor,Creative,Food,Hands-on,Learning,Tasty,Social,Skills,Culinary
Wave Dance Jam,Indoor,Music,Exercise,Fun,Social,Dance,Energy,Learning,Performance
Leaf Collecting,Indoor,Relaxing,Learning,Social,Hobby,Focus,Casual,Memories,Fun
Box Stacking,Outdoor,Fun,Team,Competitive,Exercise,Active,Challenge,Balancing,Social
Tangy Cheese Making,Indoor,Creative,Food,Hands-on,Learning,Tasty,Social,Skills,Culinary
Drift Dance Night,Indoor,Music,Exercise,Fun,Social,Dance,Energy,Learning,Performance
Branch Collecting,Indoor,Relaxing,Learning,Social,Hobby,Focus,Casual,Memories,Fun
Can Stacking,Outdoor,Fun,Team,Competitive,Exercise,Active,Challenge,Balancing,Social
Sharp Cheese Making,Indoor,Creative,Food,Hands-on,Learning,Tasty,Social,Skills,Culinary
Surge Dance Party,Indoor,Music,Exercise,Fun,Social,Dance,Energy,Learning,Performance
Root Collecting,Indoor,Relaxing,Learning,Social,Hobby,Focus,Casual,Memories,Fun
Bottle Stacking,Outdoor,Fun,Team,Competitive,Exercise,Active,Challenge,Balancing,Social